path,page_url_path,page_title,h1,suggested_youtube_search,original_mp4_urls_found,post_titles_on_page
5-bai-tap-phap-luan-cong/index.html,/5-bai-tap-phap-luan-cong/,Hướng dẫn tập 5 bài tập Pháp Luân Công chuẩn - Điều Kỳ Diệu,Hướng dẫn tập 5 bài tập Pháp Luân Công chuẩn,Hướng dẫn tập 5 bài tập Pháp Luân Công chuẩn,,
am-nhac-va-nghe-thuat-do-hoc-vien-sang-tac/index.html,/am-nhac-va-nghe-thuat-do-hoc-vien-sang-tac/,Âm nhạc và nghệ thuật do học viên sáng tác - Điều Kỳ Diệu,,Âm nhạc và nghệ thuật do học viên sáng tác,,Đệ tử Đại Pháp Việt Nam chúc tết Sư Phụ | 贝贝之愿 | Điều ước của Bối Bối | MV: TRỞ VỀ CỐ HƯƠNG | MV: Tân niên nhớ Sư Tôn | Tạ ơn Sư Phụ | Chào mừng ngày Pháp Luân Đại Pháp thế giới 13-5-2021 | Mau tỉnh lại | Vè kính thần | Vè lời sấm | Ngạo tuyết xuân mai | Học viên Việt Nam mừng ngày Pháp Luân Đại Pháp thế giới 13-5-2020 | Để sinh mệnh được cảm thụ | Khúc Hát Nhớ Con | Bài hát: Trở về Cố Hương – miền đất tịnh thổ | Ca khúc: Mộng Tỉnh – lời việt | Ca khúc: Thiên sử huy hoàng
an-giang-mien-tay-que-toi/index.html,/an-giang-mien-tay-que-toi/,An Giang! Miền tây quê tôi - Điều Kỳ Diệu,An Giang! Miền tây quê tôi,An Giang! Miền tây quê tôi,,"Pháp Luân Công tại Huế – Nét đẹp văn hóa truyền thống | Pháp Luân Công tại Quảng Ngãi – Những đóa sen trên dòng sông Trà | Pháp Luân Công tại Đà Nẵng – Ý Nghĩa nhân sinh của đời người | Học viên Pháp Luân Công tại Sài Gòn | Pháp Luân Công tại Bến Tre – Kỉ niệm 30 năm Đại Pháp Hồng Truyền | Pháp Luân Công tại Đà Lạt | Pháp Luân Công tại Kiên Giang | Phóng sự: Pháp Luân Công tại Cần Thơ | Chương trình kỷ niệm ngày Pháp Luân Đại Pháp tại Hà Nội 13/5/2018 | Học viên Hải Phòng kỷ niệm ngày Pháp Luân Đại Pháp thế giới 13/05/2018 | Luyện Công Tập Thể tại thành phố Vinh, Nghệ An | Đà Nẵng Pháp Luân Đại Pháp Hồng Truyền | Pháp Luân Công tại Đồng Xoài – Bình Phước | An Giang! Miền tây quê tôi | Điều kỳ diệu tại thành phố biển Vũng Tàu"
bai-hat-tro-ve-co-huong-mien-dat-tinh-tho/index.html,/bai-hat-tro-ve-co-huong-mien-dat-tinh-tho/,Bài hát: Trở về Cố Hương – miền đất tịnh thổ - Điều Kỳ Diệu,Bài hát: Trở về Cố Hương – miền đất tịnh thổ,Bài hát: Trở về Cố Hương – miền đất tịnh thổ,,Đệ tử Đại Pháp Việt Nam chúc tết Sư Phụ | 贝贝之愿 | Điều ước của Bối Bối | MV: TRỞ VỀ CỐ HƯƠNG | MV: Tân niên nhớ Sư Tôn | Tạ ơn Sư Phụ | Chào mừng ngày Pháp Luân Đại Pháp thế giới 13-5-2021 | Mau tỉnh lại
bay-nua-vong-trai-dat-chi-de-gap-su-phu/index.html,/bay-nua-vong-trai-dat-chi-de-gap-su-phu/,Bay Nửa Vòng Trái Đất Chỉ Để Gặp Sư Phụ - Điều Kỳ Diệu,Bay Nửa Vòng Trái Đất Chỉ Để Gặp Sư Phụ,Bay Nửa Vòng Trái Đất Chỉ Để Gặp Sư Phụ,,Câu chuyện thần thoại cho con người tương lai – Phần 2 [Thuyết Minh] | Câu chuyện thần thoại cho con người tương lai – Phần 1 [Thuyết Minh] | Hướng dẫn tập 5 bài tập Pháp Luân Công chuẩn | Bay Nửa Vòng Trái Đất Chỉ Để Gặp Sư Phụ | Giới thiệu Pháp Luân Công | Hướng dẫn học Pháp Luân Công cho học viên mới
blog/index.html,/blog/,BLOG - Điều Kỳ Diệu,,BLOG,,Pháp Luân Công- Môn tu luyện phổ biến | Tổng thống Trump nói chuyện với học viên Pháp Luân Công về cuộc đàn áp ở Trung Quốc | Pháp Luân Công- Tin thật và tin giả | Các học viên ở Phần Lan phơi bày cuộc bức hại của Đảng Cộng sản Trung Quốc trong Ngày Nhân quyền | Nhật Bản: Các học viên kháng nghị ôn hòa phản đối cuộc bức hại của chính quyền Cộng sản Trung Quốc nhân Ngày Nhân quyền Thế giới | Các học viên ở Berlin phơi bày cuộc bức hại của ĐCSTQ | Hướng dẫn tập 5 bài tập Pháp Luân Công chuẩn
ca-khuc-mong-tinh-loi-viet/index.html,/ca-khuc-mong-tinh-loi-viet/,Ca khúc: Mộng Tỉnh – lời việt - Điều Kỳ Diệu,Ca khúc: Mộng Tỉnh – lời việt,Ca khúc: Mộng Tỉnh – lời việt,,Đệ tử Đại Pháp Việt Nam chúc tết Sư Phụ | 贝贝之愿 | Điều ước của Bối Bối | MV: TRỞ VỀ CỐ HƯƠNG | MV: Tân niên nhớ Sư Tôn | Tạ ơn Sư Phụ | Chào mừng ngày Pháp Luân Đại Pháp thế giới 13-5-2021 | Mau tỉnh lại
ca-khuc-thien-su-huy-hoang/index.html,/ca-khuc-thien-su-huy-hoang/,Ca khúc: Thiên sử huy hoàng - Điều Kỳ Diệu,Ca khúc: Thiên sử huy hoàng,Ca khúc: Thiên sử huy hoàng,,Đệ tử Đại Pháp Việt Nam chúc tết Sư Phụ | 贝贝之愿 | Điều ước của Bối Bối | MV: TRỞ VỀ CỐ HƯƠNG | MV: Tân niên nhớ Sư Tôn | Tạ ơn Sư Phụ | Chào mừng ngày Pháp Luân Đại Pháp thế giới 13-5-2021 | Mau tỉnh lại
cac-nghi-sy-hoa-ky-ton-vinh-ngay-phap-luan-dai-phap-the-gioi-13-5-2020/index.html,/cac-nghi-sy-hoa-ky-ton-vinh-ngay-phap-luan-dai-phap-the-gioi-13-5-2020/,Các nghị sỹ Hoa Kỳ tôn vinh ngày Pháp Luân Đại Pháp thế giới 13/5/2020 - Điều Kỳ Diệu,Các nghị sỹ Hoa Kỳ tôn vinh ngày Pháp Luân Đại Pháp thế giới 13/5/2020,Các nghị sỹ Hoa Kỳ tôn vinh ngày Pháp Luân Đại Pháp thế giới 13/5/2020,,"Các thành phố ở Canada cùng treo cờ mừng ”Ngày Pháp Luân Đại Pháp Thế giới’ | Hiện tượng mới trong đại dịch Gần 2 000 người học Pháp Luân Công qua internet | PHÁP LUÂN CÔNG VÀ NHỮNG ĐIỀU ÍT BIẾT VỀ NGÀY PHÁP LUÂN ĐẠI PHÁP THẾ GIỚI | Các nghị sỹ Hoa Kỳ tôn vinh ngày Pháp Luân Đại Pháp thế giới 13/5/2020 | Pháp Luân Công- Những bức ảnh lịch sử | Đoàn diễu hành gần 10 000 học viên Pháp Luân Công làm xúc động người dân New York vào ngày 16/5/2019 | Thế giới nói gì về Pháp Luân Công | Pháp Luân Công trên thế giới – Falun Dafa in the world | Sydney, Úc: Chào mừng ngày Pháp Luân Đại Pháp thế giới 13-05-2018"
cac-thanh-pho-o-canada-cung-treo-co-mung-ngay-phap-luan-dai-phap-the-gioi/index.html,/cac-thanh-pho-o-canada-cung-treo-co-mung-ngay-phap-luan-dai-phap-the-gioi/,Các thành phố ở Canada cùng treo cờ mừng ''Ngày Pháp Luân Đại Pháp Thế giới' - Điều Kỳ Diệu,Các thành phố ở Canada cùng treo cờ mừng ”Ngày Pháp Luân Đại Pháp Thế giới’,Các thành phố ở Canada cùng treo cờ mừng ”Ngày Pháp Luân Đại Pháp Thế giới’,,Pháp Luân Công tại Huế – Nét đẹp văn hóa truyền thống | Pháp Luân Công tại Quảng Ngãi – Những đóa sen trên dòng sông Trà | Pháp Luân Công tại Đà Nẵng – Ý Nghĩa nhân sinh của đời người | Học viên Pháp Luân Công tại Sài Gòn | Người phụ nữ cận kề cái chết đánh bại virus viêm phổi Vũ Hán | 10 Tội ác của ĐCS Trung Quốc | Pháp Luân Công- Những bức ảnh lịch sử | Thầy thuốc nhân dân Trần Đình Chiến lý giải nguyên nhân vì sao tập khí công có thể chữa khỏi bệnh
cam-dong-hanh-trinh-nguoi-cha-tim-cach-chua-benh-cho-con-gai/index.html,/cam-dong-hanh-trinh-nguoi-cha-tim-cach-chua-benh-cho-con-gai/,Cảm động: hành trình người cha tìm cách chữa bệnh cho con gái - Điều Kỳ Diệu,Cảm động: hành trình người cha tìm cách chữa bệnh cho con gái,Cảm động: hành trình người cha tìm cách chữa bệnh cho con gái,,Người phụ nữ cận kề cái chết đánh bại virus viêm phổi Vũ Hán | Thầy thuốc nhân dân Trần Đình Chiến lý giải nguyên nhân vì sao tập khí công có thể chữa khỏi bệnh | Điều gì khiến một bác sĩ Tây y tin vào Pháp Luân Công? | Pháp Luân Công dưới góc nhìn của những người làm trong ngành an ninh và quốc phòng | Mẹ tôi tập Pháp Luân Công-những lợi ích tuyệt vời | Cảm động: hành trình người cha tìm cách chữa bệnh cho con gái | Câu chuyện cảm động bất ngờ của một trẻ tự kỷ hoà nhập với bạn bè | Câu chuyện 9 đôi giày của ông Vương
cau-chuyen-9-doi-giay-cua-ong-vuong/index.html,/cau-chuyen-9-doi-giay-cua-ong-vuong/,Câu chuyện 9 đôi giày của ông Vương - Điều Kỳ Diệu,Câu chuyện 9 đôi giày của ông Vương,Câu chuyện 9 đôi giày của ông Vương,,Người phụ nữ cận kề cái chết đánh bại virus viêm phổi Vũ Hán | Thầy thuốc nhân dân Trần Đình Chiến lý giải nguyên nhân vì sao tập khí công có thể chữa khỏi bệnh | Điều gì khiến một bác sĩ Tây y tin vào Pháp Luân Công? | Cảm động: hành trình người cha tìm cách chữa bệnh cho con gái | Câu chuyện cảm động bất ngờ của một trẻ tự kỷ hoà nhập với bạn bè | Câu chuyện 9 đôi giày của ông Vương | Sự Hồi Sinh Kỳ Diệu Của Người Mẹ Trẻ
cau-chuyen-cam-dong-bat-ngo-cua-mot-tre-tu-ky-hoa-nhap-voi-ban-be/index.html,/cau-chuyen-cam-dong-bat-ngo-cua-mot-tre-tu-ky-hoa-nhap-voi-ban-be/,Câu chuyện cảm động bất ngờ của một trẻ tự kỷ hoà nhập với bạn bè - Điều Kỳ Diệu,Câu chuyện cảm động bất ngờ của một trẻ tự kỷ hoà nhập với bạn bè,Câu chuyện cảm động bất ngờ của một trẻ tự kỷ hoà nhập với bạn bè,,Người phụ nữ cận kề cái chết đánh bại virus viêm phổi Vũ Hán | Thầy thuốc nhân dân Trần Đình Chiến lý giải nguyên nhân vì sao tập khí công có thể chữa khỏi bệnh | Điều gì khiến một bác sĩ Tây y tin vào Pháp Luân Công? | Cảm động: hành trình người cha tìm cách chữa bệnh cho con gái | Câu chuyện cảm động bất ngờ của một trẻ tự kỷ hoà nhập với bạn bè | Câu chuyện 9 đôi giày của ông Vương | Sự Hồi Sinh Kỳ Diệu Của Người Mẹ Trẻ
cau-chuyen-than-thoai-cho-con-nguoi-tuong-lai-phan-1-thuyet-minh/index.html,/cau-chuyen-than-thoai-cho-con-nguoi-tuong-lai-phan-1-thuyet-minh/,Câu chuyện thần thoại cho con người tương lai - Phần 1 [Thuyết Minh] - Điều Kỳ Diệu,Câu chuyện thần thoại cho con người tương lai – Phần 1 [Thuyết Minh],Câu chuyện thần thoại cho con người tương lai – Phần 1 [Thuyết Minh],,Pháp Luân Công tại Huế – Nét đẹp văn hóa truyền thống | Pháp Luân Công tại Quảng Ngãi – Những đóa sen trên dòng sông Trà | Pháp Luân Công tại Đà Nẵng – Ý Nghĩa nhân sinh của đời người | Học viên Pháp Luân Công tại Sài Gòn | Người phụ nữ cận kề cái chết đánh bại virus viêm phổi Vũ Hán | 10 Tội ác của ĐCS Trung Quốc | Pháp Luân Công- Những bức ảnh lịch sử | Thầy thuốc nhân dân Trần Đình Chiến lý giải nguyên nhân vì sao tập khí công có thể chữa khỏi bệnh
cau-chuyen-than-thoai-cho-con-nguoi-tuong-lai-phan-2-thuyet-minh/index.html,/cau-chuyen-than-thoai-cho-con-nguoi-tuong-lai-phan-2-thuyet-minh/,Câu chuyện thần thoại cho con người tương lai - Phần 2 [Thuyết Minh] - Điều Kỳ Diệu,Câu chuyện thần thoại cho con người tương lai – Phần 2 [Thuyết Minh],Câu chuyện thần thoại cho con người tương lai – Phần 2 [Thuyết Minh],,Pháp Luân Công tại Huế – Nét đẹp văn hóa truyền thống | Pháp Luân Công tại Quảng Ngãi – Những đóa sen trên dòng sông Trà | Pháp Luân Công tại Đà Nẵng – Ý Nghĩa nhân sinh của đời người | Học viên Pháp Luân Công tại Sài Gòn | Người phụ nữ cận kề cái chết đánh bại virus viêm phổi Vũ Hán | 10 Tội ác của ĐCS Trung Quốc | Pháp Luân Công- Những bức ảnh lịch sử | Thầy thuốc nhân dân Trần Đình Chiến lý giải nguyên nhân vì sao tập khí công có thể chữa khỏi bệnh
chao-mung-ngay-phap-luan-dai-phap-the-gioi-13-5-2021/index.html,/chao-mung-ngay-phap-luan-dai-phap-the-gioi-13-5-2021/,Chào mừng ngày Pháp Luân Đại Pháp thế giới 13-5-2021 - Điều Kỳ Diệu,,Chào mừng ngày Pháp Luân Đại Pháp thế giới 13-5-2021,,Đệ tử Đại Pháp Việt Nam chúc tết Sư Phụ | 贝贝之愿 | Điều ước của Bối Bối | MV: TRỞ VỀ CỐ HƯƠNG | MV: Tân niên nhớ Sư Tôn | Tạ ơn Sư Phụ | Chào mừng ngày Pháp Luân Đại Pháp thế giới 13-5-2021 | Mau tỉnh lại
chuong-trinh-ky-niem-ngay-phap-luan-dai-phap-tai-ha-noi-13-5-2018/index.html,/chuong-trinh-ky-niem-ngay-phap-luan-dai-phap-tai-ha-noi-13-5-2018/,Chương trình kỷ niệm ngày Pháp Luân Đại Pháp tại Hà Nội 13/5/2018 - Điều Kỳ Diệu,Chương trình kỷ niệm ngày Pháp Luân Đại Pháp tại Hà Nội 13/5/2018,Chương trình kỷ niệm ngày Pháp Luân Đại Pháp tại Hà Nội 13/5/2018,,"Pháp Luân Công tại Huế – Nét đẹp văn hóa truyền thống | Pháp Luân Công tại Quảng Ngãi – Những đóa sen trên dòng sông Trà | Pháp Luân Công tại Đà Nẵng – Ý Nghĩa nhân sinh của đời người | Học viên Pháp Luân Công tại Sài Gòn | Pháp Luân Công tại Bến Tre – Kỉ niệm 30 năm Đại Pháp Hồng Truyền | Pháp Luân Công tại Đà Lạt | Pháp Luân Công tại Kiên Giang | Phóng sự: Pháp Luân Công tại Cần Thơ | Chương trình kỷ niệm ngày Pháp Luân Đại Pháp tại Hà Nội 13/5/2018 | Học viên Hải Phòng kỷ niệm ngày Pháp Luân Đại Pháp thế giới 13/05/2018 | Luyện Công Tập Thể tại thành phố Vinh, Nghệ An | Đà Nẵng Pháp Luân Đại Pháp Hồng Truyền | Pháp Luân Công tại Đồng Xoài – Bình Phước | An Giang! Miền tây quê tôi | Điều kỳ diệu tại thành phố biển Vũng Tàu"
covid-19-chia-se-cua-bac-si-vien-phoi/index.html,/covid-19-chia-se-cua-bac-si-vien-phoi/,Covid-19: Chia sẻ của bác sĩ viện phổi - Điều Kỳ Diệu,Covid-19: Chia sẻ của bác sĩ viện phổi,Covid-19: Chia sẻ của bác sĩ viện phổi,,Pháp Luân Công tại Huế – Nét đẹp văn hóa truyền thống | Pháp Luân Công tại Quảng Ngãi – Những đóa sen trên dòng sông Trà | Pháp Luân Công tại Đà Nẵng – Ý Nghĩa nhân sinh của đời người | Học viên Pháp Luân Công tại Sài Gòn | 10 Tội ác của ĐCS Trung Quốc | Pháp Luân Công- Những bức ảnh lịch sử | Thầy thuốc nhân dân Trần Đình Chiến lý giải nguyên nhân vì sao tập khí công có thể chữa khỏi bệnh | Hành trình tìm kiếm Thiên Cổ Kỳ Thư | Giáo sư – Tiến sỹ Y học chia sẻ cách bảo vệ sức khoẻ trước dịch bệnh | Covid-19: Chia sẻ của bác sĩ viện phổi | Giới thiệu Pháp Luân Công | Tập Pháp Luân Công Có Hợp Pháp tại Việt Nam ? | Phần II | Tập Pháp Luân Công có hợp pháp tại Việt Nam? (Phần 1) | Pháp Luân Đại Pháp – Lời giải cho cuộc sống | Đại Pháp Hồng Truyền – Giới thiệu Pháp Luân Công | Pháp Luân Công dưới góc nhìn của những người làm trong ngành an ninh và quốc phòng
cuoc-diet-chung-dam-mau/index.html,/cuoc-diet-chung-dam-mau/,Cuộc diệt chủng đẫm máu - Điều Kỳ Diệu,Cuộc diệt chủng đẫm máu,Cuộc diệt chủng đẫm máu,,10 Tội ác của ĐCS Trung Quốc | Cuộc diệt chủng đẫm máu | Sự thật bị ĐCSTQ che đậy và lời giải đáp sáng tỏ khắp thế giới | Vở kịch lớn của Trung Quốc khiến bao người chịu họa | Mổ lấy nội tạng tử tù: Toàn văn lời “thú tội” của một bác sĩ phẫu thuật Trung Quốc | Một cuộc diệt chủng lạnh đang diễn ra tại Trung Quốc
da-nang-phap-luan-dai-phap-hong-truyen/index.html,/da-nang-phap-luan-dai-phap-hong-truyen/,Đà Nẵng Pháp Luân Đại Pháp Hồng Truyền - Điều Kỳ Diệu,Đà Nẵng Pháp Luân Đại Pháp Hồng Truyền,Đà Nẵng Pháp Luân Đại Pháp Hồng Truyền,,"Pháp Luân Công tại Huế – Nét đẹp văn hóa truyền thống | Pháp Luân Công tại Quảng Ngãi – Những đóa sen trên dòng sông Trà | Pháp Luân Công tại Đà Nẵng – Ý Nghĩa nhân sinh của đời người | Học viên Pháp Luân Công tại Sài Gòn | Pháp Luân Công tại Bến Tre – Kỉ niệm 30 năm Đại Pháp Hồng Truyền | Pháp Luân Công tại Đà Lạt | Pháp Luân Công tại Kiên Giang | Phóng sự: Pháp Luân Công tại Cần Thơ | Chương trình kỷ niệm ngày Pháp Luân Đại Pháp tại Hà Nội 13/5/2018 | Học viên Hải Phòng kỷ niệm ngày Pháp Luân Đại Pháp thế giới 13/05/2018 | Luyện Công Tập Thể tại thành phố Vinh, Nghệ An | Đà Nẵng Pháp Luân Đại Pháp Hồng Truyền | Pháp Luân Công tại Đồng Xoài – Bình Phước | An Giang! Miền tây quê tôi | Điều kỳ diệu tại thành phố biển Vũng Tàu"
dai-phap-hong-truyen-gioi-thieu-phap-luan-cong/index.html,/dai-phap-hong-truyen-gioi-thieu-phap-luan-cong/,Đại Pháp Hồng Truyền – Giới thiệu Pháp Luân Công - Điều Kỳ Diệu,Đại Pháp Hồng Truyền – Giới thiệu Pháp Luân Công,Đại Pháp Hồng Truyền – Giới thiệu Pháp Luân Công,,Pháp Luân Công tại Huế – Nét đẹp văn hóa truyền thống | Pháp Luân Công tại Quảng Ngãi – Những đóa sen trên dòng sông Trà | Pháp Luân Công tại Đà Nẵng – Ý Nghĩa nhân sinh của đời người | Học viên Pháp Luân Công tại Sài Gòn | 10 Tội ác của ĐCS Trung Quốc | Pháp Luân Công- Những bức ảnh lịch sử | Thầy thuốc nhân dân Trần Đình Chiến lý giải nguyên nhân vì sao tập khí công có thể chữa khỏi bệnh | Hành trình tìm kiếm Thiên Cổ Kỳ Thư | Giáo sư – Tiến sỹ Y học chia sẻ cách bảo vệ sức khoẻ trước dịch bệnh | Covid-19: Chia sẻ của bác sĩ viện phổi | Giới thiệu Pháp Luân Công | Tập Pháp Luân Công Có Hợp Pháp tại Việt Nam ? | Phần II | Tập Pháp Luân Công có hợp pháp tại Việt Nam? (Phần 1) | Pháp Luân Đại Pháp – Lời giải cho cuộc sống | Đại Pháp Hồng Truyền – Giới thiệu Pháp Luân Công | Pháp Luân Công dưới góc nhìn của những người làm trong ngành an ninh và quốc phòng
de-sinh-menh-duoc-cam-thu/index.html,/de-sinh-menh-duoc-cam-thu/,Để sinh mệnh được cảm thụ - Điều Kỳ Diệu,Để sinh mệnh được cảm thụ,Để sinh mệnh được cảm thụ,,Đệ tử Đại Pháp Việt Nam chúc tết Sư Phụ | 贝贝之愿 | Điều ước của Bối Bối | MV: TRỞ VỀ CỐ HƯƠNG | MV: Tân niên nhớ Sư Tôn | Tạ ơn Sư Phụ | Chào mừng ngày Pháp Luân Đại Pháp thế giới 13-5-2021 | Mau tỉnh lại
de-tu-dai-phap-viet-nam-chuc-tet-su-phu/index.html,/de-tu-dai-phap-viet-nam-chuc-tet-su-phu/,Đệ tử Đại Pháp Việt Nam chúc tết Sư Phụ - Điều Kỳ Diệu,,Đệ tử Đại Pháp Việt Nam chúc tết Sư Phụ,,Đệ tử Đại Pháp Việt Nam chúc tết Sư Phụ | 贝贝之愿 | Điều ước của Bối Bối | MV: TRỞ VỀ CỐ HƯƠNG | MV: Tân niên nhớ Sư Tôn | Tạ ơn Sư Phụ | Chào mừng ngày Pháp Luân Đại Pháp thế giới 13-5-2021 | Mau tỉnh lại
de-tu-viet-nam-mung-ngay-phap-luan-dai-phap-the-gioi-13-5-2020/index.html,/de-tu-viet-nam-mung-ngay-phap-luan-dai-phap-the-gioi-13-5-2020/,Học viên Việt Nam mừng ngày Pháp Luân Đại Pháp thế giới 13-5-2020 - Điều Kỳ Diệu,Học viên Việt Nam mừng ngày Pháp Luân Đại Pháp thế giới 13-5-2020,Học viên Việt Nam mừng ngày Pháp Luân Đại Pháp thế giới 13-5-2020,,Đệ tử Đại Pháp Việt Nam chúc tết Sư Phụ | 贝贝之愿 | Điều ước của Bối Bối | MV: TRỞ VỀ CỐ HƯƠNG | MV: Tân niên nhớ Sư Tôn | Tạ ơn Sư Phụ | Chào mừng ngày Pháp Luân Đại Pháp thế giới 13-5-2021 | Mau tỉnh lại | Vè kính thần | Vè lời sấm | Ngạo tuyết xuân mai | Học viên Việt Nam mừng ngày Pháp Luân Đại Pháp thế giới 13-5-2020 | Để sinh mệnh được cảm thụ | Khúc Hát Nhớ Con | Bài hát: Trở về Cố Hương – miền đất tịnh thổ | Ca khúc: Mộng Tỉnh – lời việt
dieu-gi-khien-mot-bac-si-tay-y-tin-vao-phap-luan-cong/index.html,/dieu-gi-khien-mot-bac-si-tay-y-tin-vao-phap-luan-cong/,Điều gì khiến một bác sĩ Tây y tin vào Pháp Luân Công? - Điều Kỳ Diệu,Điều gì khiến một bác sĩ Tây y tin vào Pháp Luân Công?,Điều gì khiến một bác sĩ Tây y tin vào Pháp Luân Công?,,Pháp Luân Công tại Huế – Nét đẹp văn hóa truyền thống | Pháp Luân Công tại Quảng Ngãi – Những đóa sen trên dòng sông Trà | Pháp Luân Công tại Đà Nẵng – Ý Nghĩa nhân sinh của đời người | Học viên Pháp Luân Công tại Sài Gòn | Người phụ nữ cận kề cái chết đánh bại virus viêm phổi Vũ Hán | 10 Tội ác của ĐCS Trung Quốc | Pháp Luân Công- Những bức ảnh lịch sử | Thầy thuốc nhân dân Trần Đình Chiến lý giải nguyên nhân vì sao tập khí công có thể chữa khỏi bệnh
dieu-ky-dieu-tai-thanh-pho-bien-vung-tau/index.html,/dieu-ky-dieu-tai-thanh-pho-bien-vung-tau/,Điều kỳ diệu tại thành phố biển Vũng Tàu - Điều Kỳ Diệu,Điều kỳ diệu tại thành phố biển Vũng Tàu,Điều kỳ diệu tại thành phố biển Vũng Tàu,,"Pháp Luân Công tại Huế – Nét đẹp văn hóa truyền thống | Pháp Luân Công tại Quảng Ngãi – Những đóa sen trên dòng sông Trà | Pháp Luân Công tại Đà Nẵng – Ý Nghĩa nhân sinh của đời người | Học viên Pháp Luân Công tại Sài Gòn | Pháp Luân Công tại Bến Tre – Kỉ niệm 30 năm Đại Pháp Hồng Truyền | Pháp Luân Công tại Đà Lạt | Pháp Luân Công tại Kiên Giang | Phóng sự: Pháp Luân Công tại Cần Thơ | Chương trình kỷ niệm ngày Pháp Luân Đại Pháp tại Hà Nội 13/5/2018 | Học viên Hải Phòng kỷ niệm ngày Pháp Luân Đại Pháp thế giới 13/05/2018 | Luyện Công Tập Thể tại thành phố Vinh, Nghệ An | Đà Nẵng Pháp Luân Đại Pháp Hồng Truyền | Pháp Luân Công tại Đồng Xoài – Bình Phước | An Giang! Miền tây quê tôi | Điều kỳ diệu tại thành phố biển Vũng Tàu"
dieu-uoc-cua-boi-boi/index.html,/dieu-uoc-cua-boi-boi/,Điều ước của Bối Bối - Điều Kỳ Diệu,,Điều ước của Bối Bối,,Đệ tử Đại Pháp Việt Nam chúc tết Sư Phụ | 贝贝之愿 | Điều ước của Bối Bối | MV: TRỞ VỀ CỐ HƯƠNG | MV: Tân niên nhớ Sư Tôn | Tạ ơn Sư Phụ | Chào mừng ngày Pháp Luân Đại Pháp thế giới 13-5-2021 | Mau tỉnh lại
doan-dieu-hanh-gan-10-000-hoc-vien-phap-luan-cong-lam-xuc-dong-nguoi-dan-new-york-vao-ngay-16-5-2019/index.html,/doan-dieu-hanh-gan-10-000-hoc-vien-phap-luan-cong-lam-xuc-dong-nguoi-dan-new-york-vao-ngay-16-5-2019/,Đoàn diễu hành gần 10 000 học viên Pháp Luân Công làm xúc động người dân New York vào ngày 16/5/2019 - Điều Kỳ Diệu,Đoàn diễu hành gần 10 000 học viên Pháp Luân Công làm xúc động người dân New York vào ngày 16/5/2019,Đoàn diễu hành gần 10 000 học viên Pháp Luân Công làm xúc động người dân New York vào ngày 16/5/2019,,"Các thành phố ở Canada cùng treo cờ mừng ”Ngày Pháp Luân Đại Pháp Thế giới’ | Hiện tượng mới trong đại dịch Gần 2 000 người học Pháp Luân Công qua internet | PHÁP LUÂN CÔNG VÀ NHỮNG ĐIỀU ÍT BIẾT VỀ NGÀY PHÁP LUÂN ĐẠI PHÁP THẾ GIỚI | Các nghị sỹ Hoa Kỳ tôn vinh ngày Pháp Luân Đại Pháp thế giới 13/5/2020 | Pháp Luân Công- Những bức ảnh lịch sử | Đoàn diễu hành gần 10 000 học viên Pháp Luân Công làm xúc động người dân New York vào ngày 16/5/2019 | Thế giới nói gì về Pháp Luân Công | Pháp Luân Công trên thế giới – Falun Dafa in the world | Sydney, Úc: Chào mừng ngày Pháp Luân Đại Pháp thế giới 13-05-2018"
giao-su-tien-sy-y-hoc-chia-se-cach-bao-ve-suc-khoe-truoc-dich-benh/index.html,/giao-su-tien-sy-y-hoc-chia-se-cach-bao-ve-suc-khoe-truoc-dich-benh/,Giáo sư - Tiến sỹ Y học chia sẻ cách bảo vệ sức khoẻ trước dịch bệnh - Điều Kỳ Diệu,Giáo sư – Tiến sỹ Y học chia sẻ cách bảo vệ sức khoẻ trước dịch bệnh,Giáo sư – Tiến sỹ Y học chia sẻ cách bảo vệ sức khoẻ trước dịch bệnh,,Pháp Luân Công tại Huế – Nét đẹp văn hóa truyền thống | Pháp Luân Công tại Quảng Ngãi – Những đóa sen trên dòng sông Trà | Pháp Luân Công tại Đà Nẵng – Ý Nghĩa nhân sinh của đời người | Học viên Pháp Luân Công tại Sài Gòn | 10 Tội ác của ĐCS Trung Quốc | Pháp Luân Công- Những bức ảnh lịch sử | Thầy thuốc nhân dân Trần Đình Chiến lý giải nguyên nhân vì sao tập khí công có thể chữa khỏi bệnh | Hành trình tìm kiếm Thiên Cổ Kỳ Thư | Giáo sư – Tiến sỹ Y học chia sẻ cách bảo vệ sức khoẻ trước dịch bệnh | Covid-19: Chia sẻ của bác sĩ viện phổi | Giới thiệu Pháp Luân Công | Tập Pháp Luân Công Có Hợp Pháp tại Việt Nam ? | Phần II | Tập Pháp Luân Công có hợp pháp tại Việt Nam? (Phần 1) | Pháp Luân Đại Pháp – Lời giải cho cuộc sống | Đại Pháp Hồng Truyền – Giới thiệu Pháp Luân Công | Pháp Luân Công dưới góc nhìn của những người làm trong ngành an ninh và quốc phòng
gioi-thieu-phap-luan-cong/index.html,/gioi-thieu-phap-luan-cong/,Giới thiệu Pháp Luân Công - Điều Kỳ Diệu,Giới thiệu Pháp Luân Công,Giới thiệu Pháp Luân Công,,Pháp Luân Công tại Huế – Nét đẹp văn hóa truyền thống | Pháp Luân Công tại Quảng Ngãi – Những đóa sen trên dòng sông Trà | Pháp Luân Công tại Đà Nẵng – Ý Nghĩa nhân sinh của đời người | Học viên Pháp Luân Công tại Sài Gòn | Câu chuyện thần thoại cho con người tương lai – Phần 2 [Thuyết Minh] | Câu chuyện thần thoại cho con người tương lai – Phần 1 [Thuyết Minh] | 10 Tội ác của ĐCS Trung Quốc | Pháp Luân Công- Những bức ảnh lịch sử | Thầy thuốc nhân dân Trần Đình Chiến lý giải nguyên nhân vì sao tập khí công có thể chữa khỏi bệnh | Hành trình tìm kiếm Thiên Cổ Kỳ Thư | Hướng dẫn tập 5 bài tập Pháp Luân Công chuẩn | Bay Nửa Vòng Trái Đất Chỉ Để Gặp Sư Phụ | Giáo sư – Tiến sỹ Y học chia sẻ cách bảo vệ sức khoẻ trước dịch bệnh | Covid-19: Chia sẻ của bác sĩ viện phổi | Giới thiệu Pháp Luân Công | Tập Pháp Luân Công Có Hợp Pháp tại Việt Nam ? | Phần II
hanh-trinh-tim-kiem-thien-co-ky-thu/index.html,/hanh-trinh-tim-kiem-thien-co-ky-thu/,Hành trình tìm kiếm Thiên Cổ Kỳ Thư - Điều Kỳ Diệu,Hành trình tìm kiếm Thiên Cổ Kỳ Thư,Hành trình tìm kiếm Thiên Cổ Kỳ Thư,,Pháp Luân Công tại Huế – Nét đẹp văn hóa truyền thống | Pháp Luân Công tại Quảng Ngãi – Những đóa sen trên dòng sông Trà | Pháp Luân Công tại Đà Nẵng – Ý Nghĩa nhân sinh của đời người | Học viên Pháp Luân Công tại Sài Gòn | 10 Tội ác của ĐCS Trung Quốc | Pháp Luân Công- Những bức ảnh lịch sử | Thầy thuốc nhân dân Trần Đình Chiến lý giải nguyên nhân vì sao tập khí công có thể chữa khỏi bệnh | Hành trình tìm kiếm Thiên Cổ Kỳ Thư | Giáo sư – Tiến sỹ Y học chia sẻ cách bảo vệ sức khoẻ trước dịch bệnh | Covid-19: Chia sẻ của bác sĩ viện phổi | Giới thiệu Pháp Luân Công | Tập Pháp Luân Công Có Hợp Pháp tại Việt Nam ? | Phần II | Tập Pháp Luân Công có hợp pháp tại Việt Nam? (Phần 1) | Pháp Luân Đại Pháp – Lời giải cho cuộc sống | Đại Pháp Hồng Truyền – Giới thiệu Pháp Luân Công | Pháp Luân Công dưới góc nhìn của những người làm trong ngành an ninh và quốc phòng
hich-troi-diet-trung-cong/index.html,/hich-troi-diet-trung-cong/,10 Tội ác của ĐCS Trung Quốc - Điều Kỳ Diệu,10 Tội ác của ĐCS Trung Quốc,10 Tội ác của ĐCS Trung Quốc,,10 Tội ác của ĐCS Trung Quốc | Cuộc diệt chủng đẫm máu | Sự thật bị ĐCSTQ che đậy và lời giải đáp sáng tỏ khắp thế giới | Vở kịch lớn của Trung Quốc khiến bao người chịu họa | Mổ lấy nội tạng tử tù: Toàn văn lời “thú tội” của một bác sĩ phẫu thuật Trung Quốc | Một cuộc diệt chủng lạnh đang diễn ra tại Trung Quốc
hien-tuong-moi-trong-dai-dich-gan-2-000-nguoi-hoc-phap-luan-cong-qua-internet/index.html,/hien-tuong-moi-trong-dai-dich-gan-2-000-nguoi-hoc-phap-luan-cong-qua-internet/,Hiện tượng mới trong đại dịch Gần 2 000 người học Pháp Luân Công qua internet - Điều Kỳ Diệu,,Hiện tượng mới trong đại dịch Gần 2 000 người học Pháp Luân Công qua internet,,"Các thành phố ở Canada cùng treo cờ mừng ”Ngày Pháp Luân Đại Pháp Thế giới’ | Hiện tượng mới trong đại dịch Gần 2 000 người học Pháp Luân Công qua internet | PHÁP LUÂN CÔNG VÀ NHỮNG ĐIỀU ÍT BIẾT VỀ NGÀY PHÁP LUÂN ĐẠI PHÁP THẾ GIỚI | Các nghị sỹ Hoa Kỳ tôn vinh ngày Pháp Luân Đại Pháp thế giới 13/5/2020 | Pháp Luân Công- Những bức ảnh lịch sử | Đoàn diễu hành gần 10 000 học viên Pháp Luân Công làm xúc động người dân New York vào ngày 16/5/2019 | Thế giới nói gì về Pháp Luân Công | Pháp Luân Công trên thế giới – Falun Dafa in the world | Sydney, Úc: Chào mừng ngày Pháp Luân Đại Pháp thế giới 13-05-2018"
hoc-vien-hai-phong-ky-niem-ngay-phap-luan-dai-phap-the-gioi-13-05-2018/index.html,/hoc-vien-hai-phong-ky-niem-ngay-phap-luan-dai-phap-the-gioi-13-05-2018/,Học viên Hải Phòng kỷ niệm ngày Pháp Luân Đại Pháp thế giới 13/05/2018 - Điều Kỳ Diệu,Học viên Hải Phòng kỷ niệm ngày Pháp Luân Đại Pháp thế giới 13/05/2018,Học viên Hải Phòng kỷ niệm ngày Pháp Luân Đại Pháp thế giới 13/05/2018,,"Pháp Luân Công tại Huế – Nét đẹp văn hóa truyền thống | Pháp Luân Công tại Quảng Ngãi – Những đóa sen trên dòng sông Trà | Pháp Luân Công tại Đà Nẵng – Ý Nghĩa nhân sinh của đời người | Học viên Pháp Luân Công tại Sài Gòn | Pháp Luân Công tại Bến Tre – Kỉ niệm 30 năm Đại Pháp Hồng Truyền | Pháp Luân Công tại Đà Lạt | Pháp Luân Công tại Kiên Giang | Phóng sự: Pháp Luân Công tại Cần Thơ | Chương trình kỷ niệm ngày Pháp Luân Đại Pháp tại Hà Nội 13/5/2018 | Học viên Hải Phòng kỷ niệm ngày Pháp Luân Đại Pháp thế giới 13/05/2018 | Luyện Công Tập Thể tại thành phố Vinh, Nghệ An | Đà Nẵng Pháp Luân Đại Pháp Hồng Truyền | Pháp Luân Công tại Đồng Xoài – Bình Phước | An Giang! Miền tây quê tôi | Điều kỳ diệu tại thành phố biển Vũng Tàu"
hoc-vien-phap-luan-cong-tai-sai-gon/index.html,/hoc-vien-phap-luan-cong-tai-sai-gon/,Học viên Pháp Luân Công tại Sài Gòn - Điều Kỳ Diệu,Học viên Pháp Luân Công tại Sài Gòn,Học viên Pháp Luân Công tại Sài Gòn,,"Pháp Luân Công tại Huế – Nét đẹp văn hóa truyền thống | Pháp Luân Công tại Quảng Ngãi – Những đóa sen trên dòng sông Trà | Pháp Luân Công tại Đà Nẵng – Ý Nghĩa nhân sinh của đời người | Học viên Pháp Luân Công tại Sài Gòn | Pháp Luân Công tại Bến Tre – Kỉ niệm 30 năm Đại Pháp Hồng Truyền | Pháp Luân Công tại Đà Lạt | Pháp Luân Công tại Kiên Giang | Phóng sự: Pháp Luân Công tại Cần Thơ | Chương trình kỷ niệm ngày Pháp Luân Đại Pháp tại Hà Nội 13/5/2018 | Học viên Hải Phòng kỷ niệm ngày Pháp Luân Đại Pháp thế giới 13/05/2018 | Luyện Công Tập Thể tại thành phố Vinh, Nghệ An | Đà Nẵng Pháp Luân Đại Pháp Hồng Truyền | Pháp Luân Công tại Đồng Xoài – Bình Phước | An Giang! Miền tây quê tôi | Điều kỳ diệu tại thành phố biển Vũng Tàu"
huong-dan-cho-hoc-vien-moi/index.html,/huong-dan-cho-hoc-vien-moi/,Hướng dẫn cho học viên mới - Điều Kỳ Diệu,,Hướng dẫn cho học viên mới,,Câu chuyện thần thoại cho con người tương lai – Phần 2 [Thuyết Minh] | Câu chuyện thần thoại cho con người tương lai – Phần 1 [Thuyết Minh] | Hướng dẫn tập 5 bài tập Pháp Luân Công chuẩn | Bay Nửa Vòng Trái Đất Chỉ Để Gặp Sư Phụ | Giới thiệu Pháp Luân Công | Hướng dẫn học Pháp Luân Công cho học viên mới
huong-dan-hoc-phap-luan-cong-cho-hoc-vien-moi/index.html,/huong-dan-hoc-phap-luan-cong-cho-hoc-vien-moi/,Hướng dẫn học Pháp Luân Công cho học viên mới - Điều Kỳ Diệu,Hướng dẫn học Pháp Luân Công cho học viên mới,Hướng dẫn học Pháp Luân Công cho học viên mới,,Câu chuyện thần thoại cho con người tương lai – Phần 2 [Thuyết Minh] | Câu chuyện thần thoại cho con người tương lai – Phần 1 [Thuyết Minh] | Hướng dẫn tập 5 bài tập Pháp Luân Công chuẩn | Bay Nửa Vòng Trái Đất Chỉ Để Gặp Sư Phụ | Giới thiệu Pháp Luân Công | Hướng dẫn học Pháp Luân Công cho học viên mới
index.html,/,Trang chủ - Điều Kỳ Diệu,,Trang chủ,,Thế giới nói gì về Pháp Luân Công | Pháp Luân Công dưới góc nhìn của những người làm trong ngành an ninh và quốc phòng | Pháp Luân Công tại Huế – Nét đẹp văn hóa truyền thống | Pháp Luân Công tại Quảng Ngãi – Những đóa sen trên dòng sông Trà | Người phụ nữ cận kề cái chết đánh bại virus viêm phổi Vũ Hán | Thầy thuốc nhân dân Trần Đình Chiến lý giải nguyên nhân vì sao tập khí công có thể chữa khỏi bệnh | Điều gì khiến một bác sĩ Tây y tin vào Pháp Luân Công? | Cảm động: hành trình người cha tìm cách chữa bệnh cho con gái | Mẹ tôi tập Pháp Luân Công-những lợi ích tuyệt vời | Các thành phố ở Canada cùng treo cờ mừng ”Ngày Pháp Luân Đại Pháp Thế giới’ | Hiện tượng mới trong đại dịch Gần 2 000 người học Pháp Luân Công qua internet | PHÁP LUÂN CÔNG VÀ NHỮNG ĐIỀU ÍT BIẾT VỀ NGÀY PHÁP LUÂN ĐẠI PHÁP THẾ GIỚI | Các nghị sỹ Hoa Kỳ tôn vinh ngày Pháp Luân Đại Pháp thế giới 13/5/2020 | Pháp Luân Công tại Đà Nẵng – Ý Nghĩa nhân sinh của đời người | Pháp Luân Công tại Bến Tre – Kỉ niệm 30 năm Đại Pháp Hồng Truyền | Đệ tử Đại Pháp Việt Nam chúc tết Sư Phụ | 贝贝之愿 | Điều ước của Bối Bối | MV: TRỞ VỀ CỐ HƯƠNG | 10 Tội ác của ĐCS Trung Quốc
khuc-hat-nho-con/index.html,/khuc-hat-nho-con/,Khúc Hát Nhớ Con - Điều Kỳ Diệu,Khúc Hát Nhớ Con,Khúc Hát Nhớ Con,,Đệ tử Đại Pháp Việt Nam chúc tết Sư Phụ | 贝贝之愿 | Điều ước của Bối Bối | MV: TRỞ VỀ CỐ HƯƠNG | MV: Tân niên nhớ Sư Tôn | Tạ ơn Sư Phụ | Chào mừng ngày Pháp Luân Đại Pháp thế giới 13-5-2021 | Mau tỉnh lại | Vè kính thần | Vè lời sấm | Ngạo tuyết xuân mai | Học viên Việt Nam mừng ngày Pháp Luân Đại Pháp thế giới 13-5-2020 | Để sinh mệnh được cảm thụ | Khúc Hát Nhớ Con | Bài hát: Trở về Cố Hương – miền đất tịnh thổ | Ca khúc: Mộng Tỉnh – lời việt
luyen-cong-tap-the-tai-thanh-pho-vinh-nghe-an/index.html,/luyen-cong-tap-the-tai-thanh-pho-vinh-nghe-an/,"Luyện Công Tập Thể tại thành phố Vinh, Nghệ An - Điều Kỳ Diệu","Luyện Công Tập Thể tại thành phố Vinh, Nghệ An","Luyện Công Tập Thể tại thành phố Vinh, Nghệ An",,"Pháp Luân Công tại Huế – Nét đẹp văn hóa truyền thống | Pháp Luân Công tại Quảng Ngãi – Những đóa sen trên dòng sông Trà | Pháp Luân Công tại Đà Nẵng – Ý Nghĩa nhân sinh của đời người | Học viên Pháp Luân Công tại Sài Gòn | Pháp Luân Công tại Bến Tre – Kỉ niệm 30 năm Đại Pháp Hồng Truyền | Pháp Luân Công tại Đà Lạt | Pháp Luân Công tại Kiên Giang | Phóng sự: Pháp Luân Công tại Cần Thơ | Chương trình kỷ niệm ngày Pháp Luân Đại Pháp tại Hà Nội 13/5/2018 | Học viên Hải Phòng kỷ niệm ngày Pháp Luân Đại Pháp thế giới 13/05/2018 | Luyện Công Tập Thể tại thành phố Vinh, Nghệ An | Đà Nẵng Pháp Luân Đại Pháp Hồng Truyền | Pháp Luân Công tại Đồng Xoài – Bình Phước | An Giang! Miền tây quê tôi | Điều kỳ diệu tại thành phố biển Vũng Tàu"
mau-tinh-lai/index.html,/mau-tinh-lai/,Mau tỉnh lại - Điều Kỳ Diệu,Mau tỉnh lại,Mau tỉnh lại,,Đệ tử Đại Pháp Việt Nam chúc tết Sư Phụ | 贝贝之愿 | Điều ước của Bối Bối | MV: TRỞ VỀ CỐ HƯƠNG | MV: Tân niên nhớ Sư Tôn | Tạ ơn Sư Phụ | Chào mừng ngày Pháp Luân Đại Pháp thế giới 13-5-2021 | Mau tỉnh lại
me-toi-tap-phap-luan-cong-nhung-loi-ich-tuyet-voi/index.html,/me-toi-tap-phap-luan-cong-nhung-loi-ich-tuyet-voi/,Mẹ tôi tập Pháp Luân Công-những lợi ích tuyệt vời - Điều Kỳ Diệu,Mẹ tôi tập Pháp Luân Công-những lợi ích tuyệt vời,Mẹ tôi tập Pháp Luân Công-những lợi ích tuyệt vời,,Điều gì khiến một bác sĩ Tây y tin vào Pháp Luân Công? | Pháp Luân Công dưới góc nhìn của những người làm trong ngành an ninh và quốc phòng | Mẹ tôi tập Pháp Luân Công-những lợi ích tuyệt vời | Cảm động: hành trình người cha tìm cách chữa bệnh cho con gái
mo-lay-noi-tang-tu-tu-toan-van-loi-thu-toi-cua-mot-bac-si-phau-thuat-trung-quoc/index.html,/mo-lay-noi-tang-tu-tu-toan-van-loi-thu-toi-cua-mot-bac-si-phau-thuat-trung-quoc/,Mổ lấy nội tạng tử tù: Toàn văn lời “thú tội” của một bác sĩ phẫu thuật Trung Quốc - Điều Kỳ Diệu,Mổ lấy nội tạng tử tù: Toàn văn lời “thú tội” của một bác sĩ phẫu thuật Trung Quốc,Mổ lấy nội tạng tử tù: Toàn văn lời “thú tội” của một bác sĩ phẫu thuật Trung Quốc,,10 Tội ác của ĐCS Trung Quốc | Cuộc diệt chủng đẫm máu | Sự thật bị ĐCSTQ che đậy và lời giải đáp sáng tỏ khắp thế giới | Vở kịch lớn của Trung Quốc khiến bao người chịu họa | Mổ lấy nội tạng tử tù: Toàn văn lời “thú tội” của một bác sĩ phẫu thuật Trung Quốc | Một cuộc diệt chủng lạnh đang diễn ra tại Trung Quốc
mot-cuoc-diet-chung-lanh-dang-dien-ra-tai-trung-quoc/index.html,/mot-cuoc-diet-chung-lanh-dang-dien-ra-tai-trung-quoc/,Một cuộc diệt chủng lạnh đang diễn ra tại Trung Quốc - Điều Kỳ Diệu,Một cuộc diệt chủng lạnh đang diễn ra tại Trung Quốc,Một cuộc diệt chủng lạnh đang diễn ra tại Trung Quốc,,10 Tội ác của ĐCS Trung Quốc | Cuộc diệt chủng đẫm máu | Sự thật bị ĐCSTQ che đậy và lời giải đáp sáng tỏ khắp thế giới | Vở kịch lớn của Trung Quốc khiến bao người chịu họa | Mổ lấy nội tạng tử tù: Toàn văn lời “thú tội” của một bác sĩ phẫu thuật Trung Quốc | Một cuộc diệt chủng lạnh đang diễn ra tại Trung Quốc
mv-tan-nien-nho-su-ton/index.html,/mv-tan-nien-nho-su-ton/,MV: Tân niên nhớ Sư Tôn - Điều Kỳ Diệu,,MV: Tân niên nhớ Sư Tôn,,Đệ tử Đại Pháp Việt Nam chúc tết Sư Phụ | 贝贝之愿 | Điều ước của Bối Bối | MV: TRỞ VỀ CỐ HƯƠNG | MV: Tân niên nhớ Sư Tôn | Tạ ơn Sư Phụ | Chào mừng ngày Pháp Luân Đại Pháp thế giới 13-5-2021 | Mau tỉnh lại
mv-tro-ve-co-huong/index.html,/mv-tro-ve-co-huong/,MV: TRỞ VỀ CỐ HƯƠNG - Điều Kỳ Diệu,,MV: TRỞ VỀ CỐ HƯƠNG,,Đệ tử Đại Pháp Việt Nam chúc tết Sư Phụ | 贝贝之愿 | Điều ước của Bối Bối | MV: TRỞ VỀ CỐ HƯƠNG | MV: Tân niên nhớ Sư Tôn | Tạ ơn Sư Phụ | Chào mừng ngày Pháp Luân Đại Pháp thế giới 13-5-2021 | Mau tỉnh lại
ngao-tuyet-xuan-mai/index.html,/ngao-tuyet-xuan-mai/,Ngạo tuyết xuân mai - Điều Kỳ Diệu,Ngạo tuyết xuân mai,Ngạo tuyết xuân mai,,Đệ tử Đại Pháp Việt Nam chúc tết Sư Phụ | 贝贝之愿 | Điều ước của Bối Bối | MV: TRỞ VỀ CỐ HƯƠNG | MV: Tân niên nhớ Sư Tôn | Tạ ơn Sư Phụ | Chào mừng ngày Pháp Luân Đại Pháp thế giới 13-5-2021 | Mau tỉnh lại
nguoi-phu-nu-can-ke-cai-chet-danh-bai-virus-viem-phoi-vu-han/index.html,/nguoi-phu-nu-can-ke-cai-chet-danh-bai-virus-viem-phoi-vu-han/,Người phụ nữ cận kề cái chết đánh bại virus viêm phổi Vũ Hán - Điều Kỳ Diệu,Người phụ nữ cận kề cái chết đánh bại virus viêm phổi Vũ Hán,Người phụ nữ cận kề cái chết đánh bại virus viêm phổi Vũ Hán,,Người phụ nữ cận kề cái chết đánh bại virus viêm phổi Vũ Hán | Thầy thuốc nhân dân Trần Đình Chiến lý giải nguyên nhân vì sao tập khí công có thể chữa khỏi bệnh | Điều gì khiến một bác sĩ Tây y tin vào Pháp Luân Công? | Cảm động: hành trình người cha tìm cách chữa bệnh cho con gái | Câu chuyện cảm động bất ngờ của một trẻ tự kỷ hoà nhập với bạn bè | Câu chuyện 9 đôi giày của ông Vương | Sự Hồi Sinh Kỳ Diệu Của Người Mẹ Trẻ
nha-khoa-hoc-va-gioi-tri-thuc-noi-ve-phap-luan-cong/index.html,/nha-khoa-hoc-va-gioi-tri-thuc-noi-ve-phap-luan-cong/,Nhà khoa học và giới tri thức nói về pháp luân công - Điều Kỳ Diệu,,Nhà khoa học và giới tri thức nói về pháp luân công,,Điều gì khiến một bác sĩ Tây y tin vào Pháp Luân Công? | Pháp Luân Công dưới góc nhìn của những người làm trong ngành an ninh và quốc phòng | Mẹ tôi tập Pháp Luân Công-những lợi ích tuyệt vời | Cảm động: hành trình người cha tìm cách chữa bệnh cho con gái
nhung-cau-chuyen-than-ky/index.html,/nhung-cau-chuyen-than-ky/,NHỮNG CÂU CHUYỆN THẦN KỲ - Điều Kỳ Diệu,,NHỮNG CÂU CHUYỆN THẦN KỲ,,Người phụ nữ cận kề cái chết đánh bại virus viêm phổi Vũ Hán | Thầy thuốc nhân dân Trần Đình Chiến lý giải nguyên nhân vì sao tập khí công có thể chữa khỏi bệnh | Điều gì khiến một bác sĩ Tây y tin vào Pháp Luân Công? | Cảm động: hành trình người cha tìm cách chữa bệnh cho con gái | Câu chuyện cảm động bất ngờ của một trẻ tự kỷ hoà nhập với bạn bè | Câu chuyện 9 đôi giày của ông Vương | Sự Hồi Sinh Kỳ Diệu Của Người Mẹ Trẻ
noi-bat/index.html,/noi-bat/,Video tiêu biểu - Điều Kỳ Diệu,,Video tiêu biểu,,Pháp Luân Công tại Huế – Nét đẹp văn hóa truyền thống | Pháp Luân Công tại Quảng Ngãi – Những đóa sen trên dòng sông Trà | Pháp Luân Công tại Đà Nẵng – Ý Nghĩa nhân sinh của đời người | Học viên Pháp Luân Công tại Sài Gòn | 10 Tội ác của ĐCS Trung Quốc | Pháp Luân Công- Những bức ảnh lịch sử | Thầy thuốc nhân dân Trần Đình Chiến lý giải nguyên nhân vì sao tập khí công có thể chữa khỏi bệnh | Hành trình tìm kiếm Thiên Cổ Kỳ Thư | Giáo sư – Tiến sỹ Y học chia sẻ cách bảo vệ sức khoẻ trước dịch bệnh | Covid-19: Chia sẻ của bác sĩ viện phổi | Giới thiệu Pháp Luân Công | Tập Pháp Luân Công Có Hợp Pháp tại Việt Nam ? | Phần II | Tập Pháp Luân Công có hợp pháp tại Việt Nam? (Phần 1) | Pháp Luân Đại Pháp – Lời giải cho cuộc sống | Đại Pháp Hồng Truyền – Giới thiệu Pháp Luân Công | Pháp Luân Công dưới góc nhìn của những người làm trong ngành an ninh và quốc phòng | Câu chuyện cảm động bất ngờ của một trẻ tự kỷ hoà nhập với bạn bè
phap-luan-cong/index.html,/phap-luan-cong/,Pháp Luân Công- Tin thật và tin giả - Điều Kỳ Diệu,Pháp Luân Công- Tin thật và tin giả,Pháp Luân Công- Tin thật và tin giả,,
phap-luan-cong-duoi-goc-nhin-cua-nhung-nguoi-lam-trong-nganh-an-ninh-va-quoc-phong/index.html,/phap-luan-cong-duoi-goc-nhin-cua-nhung-nguoi-lam-trong-nganh-an-ninh-va-quoc-phong/,Pháp Luân Công dưới góc nhìn của những người làm trong ngành an ninh và quốc phòng - Điều Kỳ Diệu,Pháp Luân Công dưới góc nhìn của những người làm trong ngành an ninh và quốc phòng,Pháp Luân Công dưới góc nhìn của những người làm trong ngành an ninh và quốc phòng,,Pháp Luân Công tại Huế – Nét đẹp văn hóa truyền thống | Pháp Luân Công tại Quảng Ngãi – Những đóa sen trên dòng sông Trà | Pháp Luân Công tại Đà Nẵng – Ý Nghĩa nhân sinh của đời người | Học viên Pháp Luân Công tại Sài Gòn | 10 Tội ác của ĐCS Trung Quốc | Pháp Luân Công- Những bức ảnh lịch sử | Thầy thuốc nhân dân Trần Đình Chiến lý giải nguyên nhân vì sao tập khí công có thể chữa khỏi bệnh | Hành trình tìm kiếm Thiên Cổ Kỳ Thư | Điều gì khiến một bác sĩ Tây y tin vào Pháp Luân Công? | Giáo sư – Tiến sỹ Y học chia sẻ cách bảo vệ sức khoẻ trước dịch bệnh | Covid-19: Chia sẻ của bác sĩ viện phổi | Giới thiệu Pháp Luân Công | Tập Pháp Luân Công Có Hợp Pháp tại Việt Nam ? | Phần II | Tập Pháp Luân Công có hợp pháp tại Việt Nam? (Phần 1) | Pháp Luân Đại Pháp – Lời giải cho cuộc sống | Đại Pháp Hồng Truyền – Giới thiệu Pháp Luân Công
phap-luan-cong-nhung-buc-anh-lich-su/index.html,/phap-luan-cong-nhung-buc-anh-lich-su/,Pháp Luân Công- Những bức ảnh lịch sử - Điều Kỳ Diệu,Pháp Luân Công- Những bức ảnh lịch sử,Pháp Luân Công- Những bức ảnh lịch sử,,Pháp Luân Công tại Huế – Nét đẹp văn hóa truyền thống | Pháp Luân Công tại Quảng Ngãi – Những đóa sen trên dòng sông Trà | Pháp Luân Công tại Đà Nẵng – Ý Nghĩa nhân sinh của đời người | Học viên Pháp Luân Công tại Sài Gòn | Các thành phố ở Canada cùng treo cờ mừng ”Ngày Pháp Luân Đại Pháp Thế giới’ | Hiện tượng mới trong đại dịch Gần 2 000 người học Pháp Luân Công qua internet | PHÁP LUÂN CÔNG VÀ NHỮNG ĐIỀU ÍT BIẾT VỀ NGÀY PHÁP LUÂN ĐẠI PHÁP THẾ GIỚI | 10 Tội ác của ĐCS Trung Quốc | Các nghị sỹ Hoa Kỳ tôn vinh ngày Pháp Luân Đại Pháp thế giới 13/5/2020 | Pháp Luân Công- Những bức ảnh lịch sử | Thầy thuốc nhân dân Trần Đình Chiến lý giải nguyên nhân vì sao tập khí công có thể chữa khỏi bệnh | Hành trình tìm kiếm Thiên Cổ Kỳ Thư | Giáo sư – Tiến sỹ Y học chia sẻ cách bảo vệ sức khoẻ trước dịch bệnh | Covid-19: Chia sẻ của bác sĩ viện phổi | Giới thiệu Pháp Luân Công | Tập Pháp Luân Công Có Hợp Pháp tại Việt Nam ? | Phần II
phap-luan-cong-tai-ben-tre-ki-niem-30-nam-dai-phap-hong-truyen/index.html,/phap-luan-cong-tai-ben-tre-ki-niem-30-nam-dai-phap-hong-truyen/,Pháp Luân Công tại Bến Tre - Kỉ niệm 30 năm Đại Pháp Hồng Truyền - Điều Kỳ Diệu,Pháp Luân Công tại Bến Tre – Kỉ niệm 30 năm Đại Pháp Hồng Truyền,Pháp Luân Công tại Bến Tre – Kỉ niệm 30 năm Đại Pháp Hồng Truyền,,"Pháp Luân Công tại Huế – Nét đẹp văn hóa truyền thống | Pháp Luân Công tại Quảng Ngãi – Những đóa sen trên dòng sông Trà | Pháp Luân Công tại Đà Nẵng – Ý Nghĩa nhân sinh của đời người | Học viên Pháp Luân Công tại Sài Gòn | Pháp Luân Công tại Bến Tre – Kỉ niệm 30 năm Đại Pháp Hồng Truyền | Pháp Luân Công tại Đà Lạt | Pháp Luân Công tại Kiên Giang | Phóng sự: Pháp Luân Công tại Cần Thơ | Chương trình kỷ niệm ngày Pháp Luân Đại Pháp tại Hà Nội 13/5/2018 | Học viên Hải Phòng kỷ niệm ngày Pháp Luân Đại Pháp thế giới 13/05/2018 | Luyện Công Tập Thể tại thành phố Vinh, Nghệ An | Đà Nẵng Pháp Luân Đại Pháp Hồng Truyền | Pháp Luân Công tại Đồng Xoài – Bình Phước | An Giang! Miền tây quê tôi | Điều kỳ diệu tại thành phố biển Vũng Tàu"
phap-luan-cong-tai-da-lat/index.html,/phap-luan-cong-tai-da-lat/,Pháp Luân Công tại Đà Lạt - Điều Kỳ Diệu,Pháp Luân Công tại Đà Lạt,Pháp Luân Công tại Đà Lạt,,"Pháp Luân Công tại Huế – Nét đẹp văn hóa truyền thống | Pháp Luân Công tại Quảng Ngãi – Những đóa sen trên dòng sông Trà | Pháp Luân Công tại Đà Nẵng – Ý Nghĩa nhân sinh của đời người | Học viên Pháp Luân Công tại Sài Gòn | Pháp Luân Công tại Bến Tre – Kỉ niệm 30 năm Đại Pháp Hồng Truyền | Pháp Luân Công tại Đà Lạt | Pháp Luân Công tại Kiên Giang | Phóng sự: Pháp Luân Công tại Cần Thơ | Chương trình kỷ niệm ngày Pháp Luân Đại Pháp tại Hà Nội 13/5/2018 | Học viên Hải Phòng kỷ niệm ngày Pháp Luân Đại Pháp thế giới 13/05/2018 | Luyện Công Tập Thể tại thành phố Vinh, Nghệ An | Đà Nẵng Pháp Luân Đại Pháp Hồng Truyền | Pháp Luân Công tại Đồng Xoài – Bình Phước | An Giang! Miền tây quê tôi | Điều kỳ diệu tại thành phố biển Vũng Tàu"
phap-luan-cong-tai-da-nang-y-nghia-nhan-sinh-cua-doi-nguoi/index.html,/phap-luan-cong-tai-da-nang-y-nghia-nhan-sinh-cua-doi-nguoi/,Pháp Luân Công tại Đà Nẵng - Ý Nghĩa nhân sinh của đời người - Điều Kỳ Diệu,,Pháp Luân Công tại Đà Nẵng - Ý Nghĩa nhân sinh của đời người,,"Pháp Luân Công tại Huế – Nét đẹp văn hóa truyền thống | Pháp Luân Công tại Quảng Ngãi – Những đóa sen trên dòng sông Trà | Pháp Luân Công tại Đà Nẵng – Ý Nghĩa nhân sinh của đời người | Học viên Pháp Luân Công tại Sài Gòn | Pháp Luân Công tại Bến Tre – Kỉ niệm 30 năm Đại Pháp Hồng Truyền | Pháp Luân Công tại Đà Lạt | Pháp Luân Công tại Kiên Giang | Phóng sự: Pháp Luân Công tại Cần Thơ | Chương trình kỷ niệm ngày Pháp Luân Đại Pháp tại Hà Nội 13/5/2018 | Học viên Hải Phòng kỷ niệm ngày Pháp Luân Đại Pháp thế giới 13/05/2018 | Luyện Công Tập Thể tại thành phố Vinh, Nghệ An | Đà Nẵng Pháp Luân Đại Pháp Hồng Truyền | Pháp Luân Công tại Đồng Xoài – Bình Phước | An Giang! Miền tây quê tôi | Điều kỳ diệu tại thành phố biển Vũng Tàu"
phap-luan-cong-tai-dong-xoai-binh-phuoc/index.html,/phap-luan-cong-tai-dong-xoai-binh-phuoc/,Pháp Luân Công tại Đồng Xoài – Bình Phước - Điều Kỳ Diệu,Pháp Luân Công tại Đồng Xoài – Bình Phước,Pháp Luân Công tại Đồng Xoài – Bình Phước,,"Pháp Luân Công tại Huế – Nét đẹp văn hóa truyền thống | Pháp Luân Công tại Quảng Ngãi – Những đóa sen trên dòng sông Trà | Pháp Luân Công tại Đà Nẵng – Ý Nghĩa nhân sinh của đời người | Học viên Pháp Luân Công tại Sài Gòn | Pháp Luân Công tại Bến Tre – Kỉ niệm 30 năm Đại Pháp Hồng Truyền | Pháp Luân Công tại Đà Lạt | Pháp Luân Công tại Kiên Giang | Phóng sự: Pháp Luân Công tại Cần Thơ | Chương trình kỷ niệm ngày Pháp Luân Đại Pháp tại Hà Nội 13/5/2018 | Học viên Hải Phòng kỷ niệm ngày Pháp Luân Đại Pháp thế giới 13/05/2018 | Luyện Công Tập Thể tại thành phố Vinh, Nghệ An | Đà Nẵng Pháp Luân Đại Pháp Hồng Truyền | Pháp Luân Công tại Đồng Xoài – Bình Phước | An Giang! Miền tây quê tôi | Điều kỳ diệu tại thành phố biển Vũng Tàu"
phap-luan-cong-tai-hue-net-dep-van-hoa-truyen-thong/index.html,/phap-luan-cong-tai-hue-net-dep-van-hoa-truyen-thong/,Pháp Luân Công tại Huế - Nét đẹp văn hóa truyền thống - Điều Kỳ Diệu,,Pháp Luân Công tại Huế - Nét đẹp văn hóa truyền thống,,
phap-luan-cong-tai-kien-giang/index.html,/phap-luan-cong-tai-kien-giang/,Pháp Luân Công tại Kiên Giang - Điều Kỳ Diệu,Pháp Luân Công tại Kiên Giang,Pháp Luân Công tại Kiên Giang,,"Pháp Luân Công tại Huế – Nét đẹp văn hóa truyền thống | Pháp Luân Công tại Quảng Ngãi – Những đóa sen trên dòng sông Trà | Pháp Luân Công tại Đà Nẵng – Ý Nghĩa nhân sinh của đời người | Học viên Pháp Luân Công tại Sài Gòn | Pháp Luân Công tại Bến Tre – Kỉ niệm 30 năm Đại Pháp Hồng Truyền | Pháp Luân Công tại Đà Lạt | Pháp Luân Công tại Kiên Giang | Phóng sự: Pháp Luân Công tại Cần Thơ | Chương trình kỷ niệm ngày Pháp Luân Đại Pháp tại Hà Nội 13/5/2018 | Học viên Hải Phòng kỷ niệm ngày Pháp Luân Đại Pháp thế giới 13/05/2018 | Luyện Công Tập Thể tại thành phố Vinh, Nghệ An | Đà Nẵng Pháp Luân Đại Pháp Hồng Truyền | Pháp Luân Công tại Đồng Xoài – Bình Phước | An Giang! Miền tây quê tôi | Điều kỳ diệu tại thành phố biển Vũng Tàu"
phap-luan-cong-tai-quang-ngai-nhung-doa-sen-tren-dong-song-tra/index.html,/phap-luan-cong-tai-quang-ngai-nhung-doa-sen-tren-dong-song-tra/,Pháp Luân Công tại Quảng Ngãi - Những đóa sen trên dòng sông Trà - Điều Kỳ Diệu,,Pháp Luân Công tại Quảng Ngãi - Những đóa sen trên dòng sông Trà,,"Pháp Luân Công tại Huế – Nét đẹp văn hóa truyền thống | Pháp Luân Công tại Quảng Ngãi – Những đóa sen trên dòng sông Trà | Pháp Luân Công tại Đà Nẵng – Ý Nghĩa nhân sinh của đời người | Học viên Pháp Luân Công tại Sài Gòn | Pháp Luân Công tại Bến Tre – Kỉ niệm 30 năm Đại Pháp Hồng Truyền | Pháp Luân Công tại Đà Lạt | Pháp Luân Công tại Kiên Giang | Phóng sự: Pháp Luân Công tại Cần Thơ | Chương trình kỷ niệm ngày Pháp Luân Đại Pháp tại Hà Nội 13/5/2018 | Học viên Hải Phòng kỷ niệm ngày Pháp Luân Đại Pháp thế giới 13/05/2018 | Luyện Công Tập Thể tại thành phố Vinh, Nghệ An | Đà Nẵng Pháp Luân Đại Pháp Hồng Truyền | Pháp Luân Công tại Đồng Xoài – Bình Phước | An Giang! Miền tây quê tôi | Điều kỳ diệu tại thành phố biển Vũng Tàu"
phap-luan-cong-tren-the-gioi/index.html,/phap-luan-cong-tren-the-gioi/,Pháp Luân Công trên thế giới - Điều Kỳ Diệu,,Pháp Luân Công trên thế giới,,"Các thành phố ở Canada cùng treo cờ mừng ”Ngày Pháp Luân Đại Pháp Thế giới’ | Hiện tượng mới trong đại dịch Gần 2 000 người học Pháp Luân Công qua internet | PHÁP LUÂN CÔNG VÀ NHỮNG ĐIỀU ÍT BIẾT VỀ NGÀY PHÁP LUÂN ĐẠI PHÁP THẾ GIỚI | Các nghị sỹ Hoa Kỳ tôn vinh ngày Pháp Luân Đại Pháp thế giới 13/5/2020 | Pháp Luân Công- Những bức ảnh lịch sử | Đoàn diễu hành gần 10 000 học viên Pháp Luân Công làm xúc động người dân New York vào ngày 16/5/2019 | Thế giới nói gì về Pháp Luân Công | Pháp Luân Công trên thế giới – Falun Dafa in the world | Sydney, Úc: Chào mừng ngày Pháp Luân Đại Pháp thế giới 13-05-2018"
phap-luan-cong-tren-the-gioi-falun-dafa-in-the-world/index.html,/phap-luan-cong-tren-the-gioi-falun-dafa-in-the-world/,Pháp Luân Công trên thế giới – Falun Dafa in the world - Điều Kỳ Diệu,Pháp Luân Công trên thế giới – Falun Dafa in the world,Pháp Luân Công trên thế giới – Falun Dafa in the world,,"Các thành phố ở Canada cùng treo cờ mừng ”Ngày Pháp Luân Đại Pháp Thế giới’ | Hiện tượng mới trong đại dịch Gần 2 000 người học Pháp Luân Công qua internet | PHÁP LUÂN CÔNG VÀ NHỮNG ĐIỀU ÍT BIẾT VỀ NGÀY PHÁP LUÂN ĐẠI PHÁP THẾ GIỚI | Các nghị sỹ Hoa Kỳ tôn vinh ngày Pháp Luân Đại Pháp thế giới 13/5/2020 | Pháp Luân Công- Những bức ảnh lịch sử | Đoàn diễu hành gần 10 000 học viên Pháp Luân Công làm xúc động người dân New York vào ngày 16/5/2019 | Thế giới nói gì về Pháp Luân Công | Pháp Luân Công trên thế giới – Falun Dafa in the world | Sydney, Úc: Chào mừng ngày Pháp Luân Đại Pháp thế giới 13-05-2018"
phap-luan-cong-va-nhung-dieu-it-biet-ve-ngay-phap-luan-dai-phap-the-gioi/index.html,/phap-luan-cong-va-nhung-dieu-it-biet-ve-ngay-phap-luan-dai-phap-the-gioi/,PHÁP LUÂN CÔNG VÀ NHỮNG ĐIỀU ÍT BIẾT VỀ NGÀY PHÁP LUÂN ĐẠI PHÁP THẾ GIỚI - Điều Kỳ Diệu,PHÁP LUÂN CÔNG VÀ NHỮNG ĐIỀU ÍT BIẾT VỀ NGÀY PHÁP LUÂN ĐẠI PHÁP THẾ GIỚI,PHÁP LUÂN CÔNG VÀ NHỮNG ĐIỀU ÍT BIẾT VỀ NGÀY PHÁP LUÂN ĐẠI PHÁP THẾ GIỚI,,"Các thành phố ở Canada cùng treo cờ mừng ”Ngày Pháp Luân Đại Pháp Thế giới’ | Hiện tượng mới trong đại dịch Gần 2 000 người học Pháp Luân Công qua internet | PHÁP LUÂN CÔNG VÀ NHỮNG ĐIỀU ÍT BIẾT VỀ NGÀY PHÁP LUÂN ĐẠI PHÁP THẾ GIỚI | Các nghị sỹ Hoa Kỳ tôn vinh ngày Pháp Luân Đại Pháp thế giới 13/5/2020 | Pháp Luân Công- Những bức ảnh lịch sử | Đoàn diễu hành gần 10 000 học viên Pháp Luân Công làm xúc động người dân New York vào ngày 16/5/2019 | Thế giới nói gì về Pháp Luân Công | Pháp Luân Công trên thế giới – Falun Dafa in the world | Sydney, Úc: Chào mừng ngày Pháp Luân Đại Pháp thế giới 13-05-2018"
phap-luan-dai-phap-loi-giai-cho-cuoc-song/index.html,/phap-luan-dai-phap-loi-giai-cho-cuoc-song/,Pháp Luân Đại Pháp – Lời giải cho cuộc sống - Điều Kỳ Diệu,Pháp Luân Đại Pháp – Lời giải cho cuộc sống,Pháp Luân Đại Pháp – Lời giải cho cuộc sống,,Pháp Luân Công tại Huế – Nét đẹp văn hóa truyền thống | Pháp Luân Công tại Quảng Ngãi – Những đóa sen trên dòng sông Trà | Pháp Luân Công tại Đà Nẵng – Ý Nghĩa nhân sinh của đời người | Học viên Pháp Luân Công tại Sài Gòn | 10 Tội ác của ĐCS Trung Quốc | Pháp Luân Công- Những bức ảnh lịch sử | Thầy thuốc nhân dân Trần Đình Chiến lý giải nguyên nhân vì sao tập khí công có thể chữa khỏi bệnh | Hành trình tìm kiếm Thiên Cổ Kỳ Thư | Giáo sư – Tiến sỹ Y học chia sẻ cách bảo vệ sức khoẻ trước dịch bệnh | Covid-19: Chia sẻ của bác sĩ viện phổi | Giới thiệu Pháp Luân Công | Tập Pháp Luân Công Có Hợp Pháp tại Việt Nam ? | Phần II | Tập Pháp Luân Công có hợp pháp tại Việt Nam? (Phần 1) | Pháp Luân Đại Pháp – Lời giải cho cuộc sống | Đại Pháp Hồng Truyền – Giới thiệu Pháp Luân Công | Pháp Luân Công dưới góc nhìn của những người làm trong ngành an ninh và quốc phòng
phong-su-phap-luan-cong-tai-can-tho/index.html,/phong-su-phap-luan-cong-tai-can-tho/,Phóng sự: Pháp Luân Công tại Cần Thơ - Điều Kỳ Diệu,Phóng sự: Pháp Luân Công tại Cần Thơ,Phóng sự: Pháp Luân Công tại Cần Thơ,,"Pháp Luân Công tại Huế – Nét đẹp văn hóa truyền thống | Pháp Luân Công tại Quảng Ngãi – Những đóa sen trên dòng sông Trà | Pháp Luân Công tại Đà Nẵng – Ý Nghĩa nhân sinh của đời người | Học viên Pháp Luân Công tại Sài Gòn | Pháp Luân Công tại Bến Tre – Kỉ niệm 30 năm Đại Pháp Hồng Truyền | Pháp Luân Công tại Đà Lạt | Pháp Luân Công tại Kiên Giang | Phóng sự: Pháp Luân Công tại Cần Thơ | Chương trình kỷ niệm ngày Pháp Luân Đại Pháp tại Hà Nội 13/5/2018 | Học viên Hải Phòng kỷ niệm ngày Pháp Luân Đại Pháp thế giới 13/05/2018 | Luyện Công Tập Thể tại thành phố Vinh, Nghệ An | Đà Nẵng Pháp Luân Đại Pháp Hồng Truyền | Pháp Luân Công tại Đồng Xoài – Bình Phước | An Giang! Miền tây quê tôi | Điều kỳ diệu tại thành phố biển Vũng Tàu"
su-hoi-sinh-ky-dieu-cua-nguoi-me-tre/index.html,/su-hoi-sinh-ky-dieu-cua-nguoi-me-tre/,Sự Hồi Sinh Kỳ Diệu Của Người Mẹ Trẻ - Điều Kỳ Diệu,Sự Hồi Sinh Kỳ Diệu Của Người Mẹ Trẻ,Sự Hồi Sinh Kỳ Diệu Của Người Mẹ Trẻ,,Người phụ nữ cận kề cái chết đánh bại virus viêm phổi Vũ Hán | Thầy thuốc nhân dân Trần Đình Chiến lý giải nguyên nhân vì sao tập khí công có thể chữa khỏi bệnh | Điều gì khiến một bác sĩ Tây y tin vào Pháp Luân Công? | Cảm động: hành trình người cha tìm cách chữa bệnh cho con gái | Câu chuyện cảm động bất ngờ của một trẻ tự kỷ hoà nhập với bạn bè | Câu chuyện 9 đôi giày của ông Vương | Sự Hồi Sinh Kỳ Diệu Của Người Mẹ Trẻ
su-that-bi-dcstq-che-day-va-loi-giai-dap-sang-to-khap-the-gioi/index.html,/su-that-bi-dcstq-che-day-va-loi-giai-dap-sang-to-khap-the-gioi/,Sự thật bị ĐCSTQ che đậy và lời giải đáp sáng tỏ khắp thế giới - Điều Kỳ Diệu,Sự thật bị ĐCSTQ che đậy và lời giải đáp sáng tỏ khắp thế giới,Sự thật bị ĐCSTQ che đậy và lời giải đáp sáng tỏ khắp thế giới,,10 Tội ác của ĐCS Trung Quốc | Cuộc diệt chủng đẫm máu | Sự thật bị ĐCSTQ che đậy và lời giải đáp sáng tỏ khắp thế giới | Vở kịch lớn của Trung Quốc khiến bao người chịu họa | Mổ lấy nội tạng tử tù: Toàn văn lời “thú tội” của một bác sĩ phẫu thuật Trung Quốc | Một cuộc diệt chủng lạnh đang diễn ra tại Trung Quốc
sydney-uc-chao-mung-ngay-phap-luan-dai-phap-the-gioi-13-05-2018/index.html,/sydney-uc-chao-mung-ngay-phap-luan-dai-phap-the-gioi-13-05-2018/,"Sydney, Úc: Chào mừng ngày Pháp Luân Đại Pháp thế giới 13-05-2018 - Điều Kỳ Diệu","Sydney, Úc: Chào mừng ngày Pháp Luân Đại Pháp thế giới 13-05-2018","Sydney, Úc: Chào mừng ngày Pháp Luân Đại Pháp thế giới 13-05-2018",,"Các thành phố ở Canada cùng treo cờ mừng ”Ngày Pháp Luân Đại Pháp Thế giới’ | Hiện tượng mới trong đại dịch Gần 2 000 người học Pháp Luân Công qua internet | PHÁP LUÂN CÔNG VÀ NHỮNG ĐIỀU ÍT BIẾT VỀ NGÀY PHÁP LUÂN ĐẠI PHÁP THẾ GIỚI | Các nghị sỹ Hoa Kỳ tôn vinh ngày Pháp Luân Đại Pháp thế giới 13/5/2020 | Pháp Luân Công- Những bức ảnh lịch sử | Đoàn diễu hành gần 10 000 học viên Pháp Luân Công làm xúc động người dân New York vào ngày 16/5/2019 | Thế giới nói gì về Pháp Luân Công | Pháp Luân Công trên thế giới – Falun Dafa in the world | Sydney, Úc: Chào mừng ngày Pháp Luân Đại Pháp thế giới 13-05-2018"
ta-on-su-phu/index.html,/ta-on-su-phu/,Tạ ơn Sư Phụ - Điều Kỳ Diệu,Tạ ơn Sư Phụ,Tạ ơn Sư Phụ,,10 Tội ác của ĐCS Trung Quốc | Cuộc diệt chủng đẫm máu | Sự thật bị ĐCSTQ che đậy và lời giải đáp sáng tỏ khắp thế giới | Vở kịch lớn của Trung Quốc khiến bao người chịu họa | Mổ lấy nội tạng tử tù: Toàn văn lời “thú tội” của một bác sĩ phẫu thuật Trung Quốc | Một cuộc diệt chủng lạnh đang diễn ra tại Trung Quốc
tap-phap-luan-cong-co-hop-phap-tai-viet-nam-phan-1/index.html,/tap-phap-luan-cong-co-hop-phap-tai-viet-nam-phan-1/,Tập Pháp Luân Công có hợp pháp tại Việt Nam? (Phần 1) - Điều Kỳ Diệu,Tập Pháp Luân Công có hợp pháp tại Việt Nam? (Phần 1),Tập Pháp Luân Công có hợp pháp tại Việt Nam? (Phần 1),,Pháp Luân Công tại Huế – Nét đẹp văn hóa truyền thống | Pháp Luân Công tại Quảng Ngãi – Những đóa sen trên dòng sông Trà | Pháp Luân Công tại Đà Nẵng – Ý Nghĩa nhân sinh của đời người | Học viên Pháp Luân Công tại Sài Gòn | 10 Tội ác của ĐCS Trung Quốc | Pháp Luân Công- Những bức ảnh lịch sử | Thầy thuốc nhân dân Trần Đình Chiến lý giải nguyên nhân vì sao tập khí công có thể chữa khỏi bệnh | Hành trình tìm kiếm Thiên Cổ Kỳ Thư | Giáo sư – Tiến sỹ Y học chia sẻ cách bảo vệ sức khoẻ trước dịch bệnh | Covid-19: Chia sẻ của bác sĩ viện phổi | Giới thiệu Pháp Luân Công | Tập Pháp Luân Công Có Hợp Pháp tại Việt Nam ? | Phần II | Tập Pháp Luân Công có hợp pháp tại Việt Nam? (Phần 1) | Pháp Luân Đại Pháp – Lời giải cho cuộc sống | Đại Pháp Hồng Truyền – Giới thiệu Pháp Luân Công | Pháp Luân Công dưới góc nhìn của những người làm trong ngành an ninh và quốc phòng
tap-phap-luan-cong-co-hop-phap-tai-viet-nam-phan-ii/index.html,/tap-phap-luan-cong-co-hop-phap-tai-viet-nam-phan-ii/,Tập Pháp Luân Công Có Hợp Pháp tại Việt Nam ? | Phần II - Điều Kỳ Diệu,Tập Pháp Luân Công Có Hợp Pháp tại Việt Nam ? | Phần II,Tập Pháp Luân Công Có Hợp Pháp tại Việt Nam ? | Phần II,,Pháp Luân Công tại Huế – Nét đẹp văn hóa truyền thống | Pháp Luân Công tại Quảng Ngãi – Những đóa sen trên dòng sông Trà | Pháp Luân Công tại Đà Nẵng – Ý Nghĩa nhân sinh của đời người | Học viên Pháp Luân Công tại Sài Gòn | 10 Tội ác của ĐCS Trung Quốc | Pháp Luân Công- Những bức ảnh lịch sử | Thầy thuốc nhân dân Trần Đình Chiến lý giải nguyên nhân vì sao tập khí công có thể chữa khỏi bệnh | Hành trình tìm kiếm Thiên Cổ Kỳ Thư | Giáo sư – Tiến sỹ Y học chia sẻ cách bảo vệ sức khoẻ trước dịch bệnh | Covid-19: Chia sẻ của bác sĩ viện phổi | Giới thiệu Pháp Luân Công | Tập Pháp Luân Công Có Hợp Pháp tại Việt Nam ? | Phần II | Tập Pháp Luân Công có hợp pháp tại Việt Nam? (Phần 1) | Pháp Luân Đại Pháp – Lời giải cho cuộc sống | Đại Pháp Hồng Truyền – Giới thiệu Pháp Luân Công | Pháp Luân Công dưới góc nhìn của những người làm trong ngành an ninh và quốc phòng
thay-thuoc-nhan-dan-tran-dinh-chien-ly-giai-nguyen-nhan-vi-sao-tap-khi-cong-co-the-chua-khoi-benh/index.html,/thay-thuoc-nhan-dan-tran-dinh-chien-ly-giai-nguyen-nhan-vi-sao-tap-khi-cong-co-the-chua-khoi-benh/,Thầy thuốc nhân dân Trần Đình Chiến lý giải nguyên nhân vì sao tập khí công có thể chữa khỏi bệnh - Điều Kỳ Diệu,Thầy thuốc nhân dân Trần Đình Chiến lý giải nguyên nhân vì sao tập khí công có thể chữa khỏi bệnh,Thầy thuốc nhân dân Trần Đình Chiến lý giải nguyên nhân vì sao tập khí công có thể chữa khỏi bệnh,,Người phụ nữ cận kề cái chết đánh bại virus viêm phổi Vũ Hán | Thầy thuốc nhân dân Trần Đình Chiến lý giải nguyên nhân vì sao tập khí công có thể chữa khỏi bệnh | Điều gì khiến một bác sĩ Tây y tin vào Pháp Luân Công? | Cảm động: hành trình người cha tìm cách chữa bệnh cho con gái | Câu chuyện cảm động bất ngờ của một trẻ tự kỷ hoà nhập với bạn bè | Câu chuyện 9 đôi giày của ông Vương | Sự Hồi Sinh Kỳ Diệu Của Người Mẹ Trẻ
the-gioi-noi-gi-ve-phap-luan-cong/index.html,/the-gioi-noi-gi-ve-phap-luan-cong/,Thế giới nói gì về Pháp Luân Công - Điều Kỳ Diệu,Thế giới nói gì về Pháp Luân Công,Thế giới nói gì về Pháp Luân Công,,"Các thành phố ở Canada cùng treo cờ mừng ”Ngày Pháp Luân Đại Pháp Thế giới’ | Hiện tượng mới trong đại dịch Gần 2 000 người học Pháp Luân Công qua internet | PHÁP LUÂN CÔNG VÀ NHỮNG ĐIỀU ÍT BIẾT VỀ NGÀY PHÁP LUÂN ĐẠI PHÁP THẾ GIỚI | Các nghị sỹ Hoa Kỳ tôn vinh ngày Pháp Luân Đại Pháp thế giới 13/5/2020 | Pháp Luân Công- Những bức ảnh lịch sử | Đoàn diễu hành gần 10 000 học viên Pháp Luân Công làm xúc động người dân New York vào ngày 16/5/2019 | Thế giới nói gì về Pháp Luân Công | Pháp Luân Công trên thế giới – Falun Dafa in the world | Sydney, Úc: Chào mừng ngày Pháp Luân Đại Pháp thế giới 13-05-2018"
ve-kinh-than/index.html,/ve-kinh-than/,Vè kính thần - Điều Kỳ Diệu,Vè kính thần,Vè kính thần,,Đệ tử Đại Pháp Việt Nam chúc tết Sư Phụ | 贝贝之愿 | Điều ước của Bối Bối | MV: TRỞ VỀ CỐ HƯƠNG | MV: Tân niên nhớ Sư Tôn | Tạ ơn Sư Phụ | Chào mừng ngày Pháp Luân Đại Pháp thế giới 13-5-2021 | Mau tỉnh lại
ve-loi-sam/index.html,/ve-loi-sam/,Vè lời sấm - Điều Kỳ Diệu,,Vè lời sấm,,Đệ tử Đại Pháp Việt Nam chúc tết Sư Phụ | 贝贝之愿 | Điều ước của Bối Bối | MV: TRỞ VỀ CỐ HƯƠNG | MV: Tân niên nhớ Sư Tôn | Tạ ơn Sư Phụ | Chào mừng ngày Pháp Luân Đại Pháp thế giới 13-5-2021 | Mau tỉnh lại
videos/ca-si-nsnd-trung-duc-trai-nghiem-ve-phap-luan-cong/index.html,/videos/ca-si-nsnd-trung-duc-trai-nghiem-ve-phap-luan-cong/,Ca sĩ – NSND Trung Đức trải nghiệm về Pháp Luân Công - Điều Kỳ Diệu,Ca sĩ – NSND Trung Đức trải nghiệm về Pháp Luân Công,Ca sĩ – NSND Trung Đức trải nghiệm về Pháp Luân Công,,Nghệ sĩ múa Lê Vi : Tôi may mắn khi tìm thấy ánh sáng chân lý của cuộc đời | Ca sĩ – NSND Trung Đức trải nghiệm về Pháp Luân Công
videos/nghe-si-mua-le-vi-toi-may-man-khi-tim-thay-anh-sang-chan-ly-cua-cuoc-doi/index.html,/videos/nghe-si-mua-le-vi-toi-may-man-khi-tim-thay-anh-sang-chan-ly-cua-cuoc-doi/,Nghệ sĩ múa Lê Vi : Tôi may mắn khi tìm thấy ánh sáng chân lý của cuộc đời - Điều Kỳ Diệu,Nghệ sĩ múa Lê Vi : Tôi may mắn khi tìm thấy ánh sáng chân lý của cuộc đời,Nghệ sĩ múa Lê Vi : Tôi may mắn khi tìm thấy ánh sáng chân lý của cuộc đời,,Nghệ sĩ múa Lê Vi : Tôi may mắn khi tìm thấy ánh sáng chân lý của cuộc đời | Ca sĩ – NSND Trung Đức trải nghiệm về Pháp Luân Công
videos/phap-luan-cong/index.html,/videos/phap-luan-cong/,Pháp Luân Công- Tin thật và tin giả - Điều Kỳ Diệu,Pháp Luân Công- Tin thật và tin giả,Pháp Luân Công- Tin thật và tin giả,,
vo-kich-lon-cua-trung-quoc-khien-bao-nguoi-chiu-hoa/index.html,/vo-kich-lon-cua-trung-quoc-khien-bao-nguoi-chiu-hoa/,Vở kịch lớn của Trung Quốc khiến bao người chịu họa - Điều Kỳ Diệu,Vở kịch lớn của Trung Quốc khiến bao người chịu họa,Vở kịch lớn của Trung Quốc khiến bao người chịu họa,,10 Tội ác của ĐCS Trung Quốc | Cuộc diệt chủng đẫm máu | Sự thật bị ĐCSTQ che đậy và lời giải đáp sáng tỏ khắp thế giới | Vở kịch lớn của Trung Quốc khiến bao người chịu họa | Mổ lấy nội tạng tử tù: Toàn văn lời “thú tội” của một bác sĩ phẫu thuật Trung Quốc | Một cuộc diệt chủng lạnh đang diễn ra tại Trung Quốc
vung-dat-va-con-nguoi/index.html,/vung-dat-va-con-nguoi/,Vùng đất và con người - Điều Kỳ Diệu,,Vùng đất và con người,,"Pháp Luân Công tại Huế – Nét đẹp văn hóa truyền thống | Pháp Luân Công tại Quảng Ngãi – Những đóa sen trên dòng sông Trà | Pháp Luân Công tại Đà Nẵng – Ý Nghĩa nhân sinh của đời người | Học viên Pháp Luân Công tại Sài Gòn | Pháp Luân Công tại Bến Tre – Kỉ niệm 30 năm Đại Pháp Hồng Truyền | Pháp Luân Công tại Đà Lạt | Pháp Luân Công tại Kiên Giang | Phóng sự: Pháp Luân Công tại Cần Thơ | Chương trình kỷ niệm ngày Pháp Luân Đại Pháp tại Hà Nội 13/5/2018 | Học viên Hải Phòng kỷ niệm ngày Pháp Luân Đại Pháp thế giới 13/05/2018 | Luyện Công Tập Thể tại thành phố Vinh, Nghệ An | Đà Nẵng Pháp Luân Đại Pháp Hồng Truyền | Pháp Luân Công tại Đồng Xoài – Bình Phước | An Giang! Miền tây quê tôi | Điều kỳ diệu tại thành phố biển Vũng Tàu"
贝贝之愿/index.html,/贝贝之愿/,贝贝之愿 - Điều Kỳ Diệu,,贝贝之愿,,Đệ tử Đại Pháp Việt Nam chúc tết Sư Phụ | 贝贝之愿 | Điều ước của Bối Bối | MV: TRỞ VỀ CỐ HƯƠNG | MV: Tân niên nhớ Sư Tôn | Tạ ơn Sư Phụ | Chào mừng ngày Pháp Luân Đại Pháp thế giới 13-5-2021 | Mau tỉnh lại
