page_path,page_title,original_video_title_or_filename,original_mp4_url,youtube_search_query,replacement_youtube_url,candidate_rank,candidate_title,candidate_url,candidate_channel,candidate_duration,candidate_notes
/5-bai-tap-phap-luan-cong/,Hướng dẫn tập 5 bài tập Pháp Luân Công chuẩn,huong dan tap phap luan cong,https://media.dieukydieu.tv/videos/original/huong-dan-tap-phap-luan-cong.mp4,huong dan tap phap luan cong,,1,Pháp Luân Công 5 Bài Tập Luyện Hàng Ngày Nâng Cao Sức Khỏe,https://www.youtube.com/watch?v=uDCEq4DrsPM,Duong Le,2754.0,
/5-bai-tap-phap-luan-cong/,Hướng dẫn tập 5 bài tập Pháp Luân Công chuẩn,huong dan tap phap luan cong,https://media.dieukydieu.tv/videos/original/huong-dan-tap-phap-luan-cong.mp4,huong dan tap phap luan cong,,2,Pháp luân công - Cách tập các động tác và cách hít thở Bài 1,https://www.youtube.com/watch?v=JBR3BRLpJ04,Art & Life Media VN,447.0,
/5-bai-tap-phap-luan-cong/,Hướng dẫn tập 5 bài tập Pháp Luân Công chuẩn,huong dan tap phap luan cong,https://media.dieukydieu.tv/videos/original/huong-dan-tap-phap-luan-cong.mp4,huong dan tap phap luan cong,,3,Pháp Luân Công - 5 Bài tập hoàn chỉnh 38 phút,https://www.youtube.com/watch?v=NYEARJlDEYc,Art & Life Media VN,2334.0,
/an-giang-mien-tay-que-toi/,An Giang! Miền tây quê tôi,an giang,https://media.dieukydieu.tv/videos/original/an-giang.mp4,an giang Pháp Luân Công,,1,Tóm tắt nhanh về Pháp Luân Công trong 5 phút,https://www.youtube.com/watch?v=rCEitbeDUH0,KIẾN THỨC THÚ VỊ Official,332.0,
/an-giang-mien-tay-que-toi/,An Giang! Miền tây quê tôi,an giang,https://media.dieukydieu.tv/videos/original/an-giang.mp4,an giang Pháp Luân Công,,2,Pháp Luân Công-bài giảng số 1  Sư Phụ Lý Hồng Chí,https://www.youtube.com/watch?v=2sSNTkgpkUg, 真 善 忍 © Chân Thiện Nhẫn,6381.0,
/an-giang-mien-tay-que-toi/,An Giang! Miền tây quê tôi,an giang,https://media.dieukydieu.tv/videos/original/an-giang.mp4,an giang Pháp Luân Công,,3,Pháp Luân Công-bài giảng số 3  Sư Phụ Lý Hồng Chí,https://www.youtube.com/watch?v=C3vAF2lo1Os, 真 善 忍 © Chân Thiện Nhẫn,5740.0,
/bai-hat-tro-ve-co-huong-mien-dat-tinh-tho/,Bài hát: Trở về Cố Hương – miền đất tịnh thổ,tro ve co huong,https://media.dieukydieu.tv/videos/original/tro-ve-co-huong.mp4,tro ve co huong Pháp Luân Công,,1,MV sân khấu: TRỞ VỀ CỐ HƯƠNG || Liên Tịnh,https://www.youtube.com/watch?v=EPo6jRil4Gk,Bách Thông,257.0,
/bai-hat-tro-ve-co-huong-mien-dat-tinh-tho/,Bài hát: Trở về Cố Hương – miền đất tịnh thổ,tro ve co huong,https://media.dieukydieu.tv/videos/original/tro-ve-co-huong.mp4,tro ve co huong Pháp Luân Công,,2,Bài hát: Trở về Cố Hương - miền đất tịnh thổ,https://www.youtube.com/watch?v=VBuOMc8Z7B8,Bách Thông,259.0,
/bai-hat-tro-ve-co-huong-mien-dat-tinh-tho/,Bài hát: Trở về Cố Hương – miền đất tịnh thổ,tro ve co huong,https://media.dieukydieu.tv/videos/original/tro-ve-co-huong.mp4,tro ve co huong Pháp Luân Công,,3,MV: Trở về - Sáng tác và thể hiện: Liên Hoa,https://www.youtube.com/watch?v=1P35UhDLN1g,Bách Thông,265.0,
/bay-nua-vong-trai-dat-chi-de-gap-su-phu/,Bay Nửa Vòng Trái Đất Chỉ Để Gặp Sư Phụ,bay nua vong trai dat,https://media.dieukydieu.tv/videos/original/bay-nua-vong-trai-dat.mp4,bay nua vong trai dat Pháp Luân Công,,1,Pháp Luân Công: Bay Nửa Vòng Trái Đất Chỉ Để Gặp Sư Phụ,https://www.youtube.com/watch?v=R-JrAmx7Mdg,Khoa học và Tu luyện,403.0,
/bay-nua-vong-trai-dat-chi-de-gap-su-phu/,Bay Nửa Vòng Trái Đất Chỉ Để Gặp Sư Phụ,bay nua vong trai dat,https://media.dieukydieu.tv/videos/original/bay-nua-vong-trai-dat.mp4,bay nua vong trai dat Pháp Luân Công,,2,"Trần Dần có 11 vợ, từng là phi công trẻ yêu cô giáo đảm đang",https://www.youtube.com/watch?v=DZ0mLr8y3VQ,Nua Vong Trai Dat TV,3766.0,
/bay-nua-vong-trai-dat-chi-de-gap-su-phu/,Bay Nửa Vòng Trái Đất Chỉ Để Gặp Sư Phụ,bay nua vong trai dat,https://media.dieukydieu.tv/videos/original/bay-nua-vong-trai-dat.mp4,bay nua vong trai dat Pháp Luân Công,,3,LIVE: Thấy gì khi VN có 2 tân Thứ trưởng Bộ Ngoại giao? [Đỗ Dzũng x NVTDtv],https://www.youtube.com/watch?v=ow4i6LpQ7_c,Nua Vong Trai Dat TV,1861.0,
/ca-khuc-mong-tinh-loi-viet/,Ca khúc: Mộng Tỉnh – lời việt,mong tinh,https://media.dieukydieu.tv/videos/original/mong-tinh.mp4,mong tinh Pháp Luân Công,,1,Tỉnh mộng | Soprano Min Jiang,https://www.youtube.com/watch?v=p5oeYgXQ2-c,Đắc Pháp TV,241.0,
/ca-khuc-mong-tinh-loi-viet/,Ca khúc: Mộng Tỉnh – lời việt,mong tinh,https://media.dieukydieu.tv/videos/original/mong-tinh.mp4,mong tinh Pháp Luân Công,,2,"Bài hát: Tỉnh Mộng (lời Việt + Trung, thể hiện Liên Hoa)",https://www.youtube.com/watch?v=WClVIde4g2E,Bách Thông,228.0,
/ca-khuc-mong-tinh-loi-viet/,Ca khúc: Mộng Tỉnh – lời việt,mong tinh,https://media.dieukydieu.tv/videos/original/mong-tinh.mp4,mong tinh Pháp Luân Công,,3,Đơn ca nam: Hồng Trần Mộng Tỉnh (Tùng Lâm thể hiện),https://www.youtube.com/watch?v=6Z9fL4xYdUU,Bách Thông,319.0,
/ca-khuc-thien-su-huy-hoang/,Ca khúc: Thiên sử huy hoàng,thien su huy hoang,https://media.dieukydieu.tv/videos/original/thien-su-huy-hoang.mp4,thien su huy hoang Pháp Luân Công,,1,MV sân khấu 4k: Thiên Sử Huy Hoàng - 30 năm Đại Pháp hồng truyền,https://www.youtube.com/watch?v=rLPAeVWvU1M,Bách Thông,318.0,
/ca-khuc-thien-su-huy-hoang/,Ca khúc: Thiên sử huy hoàng,thien su huy hoang,https://media.dieukydieu.tv/videos/original/thien-su-huy-hoang.mp4,thien su huy hoang Pháp Luân Công,,2,Ca khúc: Thiên sử huy hoàng 😇Dậy đi thôi cổng trời đã mở,https://www.youtube.com/watch?v=UQNovEXFt6c,Bách Thông,299.0,
/ca-khuc-thien-su-huy-hoang/,Ca khúc: Thiên sử huy hoàng,thien su huy hoang,https://media.dieukydieu.tv/videos/original/thien-su-huy-hoang.mp4,thien su huy hoang Pháp Luân Công,,3,Thiên sử huy hoàng - Cổng trời khai mở - Âm nhạc Pháp Luân Công,https://www.youtube.com/watch?v=AKPT-p1vUuc,Liang Guang Gang,282.0,
/cac-nghi-sy-hoa-ky-ton-vinh-ngay-phap-luan-dai-phap-the-gioi-13-5-2020/,Các nghị sỹ Hoa Kỳ tôn vinh ngày Pháp Luân Đại Pháp thế giới 13/5/2020,nghi sy hoa ky,https://media.dieukydieu.tv/videos/original/nghi-sy-hoa-ky.mp4,nghi sy hoa ky Pháp Luân Công,,1,Các nghị sĩ Hoa Kỳ tập hợp ủng hộ Pháp Luân Công,https://www.youtube.com/watch?v=c6DT6lIr4vY,Uknow8691,189.0,
/cac-nghi-sy-hoa-ky-ton-vinh-ngay-phap-luan-dai-phap-the-gioi-13-5-2020/,Các nghị sỹ Hoa Kỳ tôn vinh ngày Pháp Luân Đại Pháp thế giới 13/5/2020,nghi sy hoa ky,https://media.dieukydieu.tv/videos/original/nghi-sy-hoa-ky.mp4,nghi sy hoa ky Pháp Luân Công,,2,Các Nghị sỹ Hoa Kỳ chúc mừng ngày Pháp Luân Đại Pháp thế giới 13.5.2020,https://www.youtube.com/watch?v=_oy8qpb05VY,Chân Tướng,261.0,
/cac-nghi-sy-hoa-ky-ton-vinh-ngay-phap-luan-dai-phap-the-gioi-13-5-2020/,Các nghị sỹ Hoa Kỳ tôn vinh ngày Pháp Luân Đại Pháp thế giới 13/5/2020,nghi sy hoa ky,https://media.dieukydieu.tv/videos/original/nghi-sy-hoa-ky.mp4,nghi sy hoa ky Pháp Luân Công,,3,Hoa Kỳ Các Nghị Sỹ Vinh Danh Pháp Luân Đại Pháp,https://www.youtube.com/watch?v=bcaRgOdaslw,TIN TỨC TRUNG THỰC,205.0,
/cac-thanh-pho-o-canada-cung-treo-co-mung-ngay-phap-luan-dai-phap-the-gioi/,Các thành phố ở Canada cùng treo cờ mừng ”Ngày Pháp Luân Đại Pháp Thế giới’,Các thành phố ở Canada cùng treo cờ mừng Ngày Pháp Luân Đại Pháp Thế giới,https://media.dieukydieu.tv/videos/original/C%C3%A1c-th%C3%A0nh-ph%E1%BB%91-%E1%BB%9F-Canada-c%C3%B9ng-treo-c%E1%BB%9D-m%E1%BB%ABng-Ng%C3%A0y-Ph%C3%A1p-Lu%C3%A2n-%C4%90%E1%BA%A1i-Ph%C3%A1p-Th%E1%BA%BF-gi%E1%BB%9Bi.mp4,Các thành phố ở Canada cùng treo cờ mừng Ngày Pháp Luân Đại Pháp Thế giới,,1,Các thành phố Canada treo cờ chúc mừng ngày Pháp Luân Đại Pháp,https://www.youtube.com/watch?v=GGmFAFklp_4,TÂN KỶ NGUYÊN,335.0,
/cac-thanh-pho-o-canada-cung-treo-co-mung-ngay-phap-luan-dai-phap-the-gioi/,Các thành phố ở Canada cùng treo cờ mừng ”Ngày Pháp Luân Đại Pháp Thế giới’,Các thành phố ở Canada cùng treo cờ mừng Ngày Pháp Luân Đại Pháp Thế giới,https://media.dieukydieu.tv/videos/original/C%C3%A1c-th%C3%A0nh-ph%E1%BB%91-%E1%BB%9F-Canada-c%C3%B9ng-treo-c%E1%BB%9D-m%E1%BB%ABng-Ng%C3%A0y-Ph%C3%A1p-Lu%C3%A2n-%C4%90%E1%BA%A1i-Ph%C3%A1p-Th%E1%BA%BF-gi%E1%BB%9Bi.mp4,Các thành phố ở Canada cùng treo cờ mừng Ngày Pháp Luân Đại Pháp Thế giới,,2,"Canada treo cờ mừng ''Ngày Pháp Luân Đại Pháp Thế giới"" | sự kiện",https://www.youtube.com/watch?v=eaRK97tNxRM,Bình Yên TV,237.0,
/cac-thanh-pho-o-canada-cung-treo-co-mung-ngay-phap-luan-dai-phap-the-gioi/,Các thành phố ở Canada cùng treo cờ mừng ”Ngày Pháp Luân Đại Pháp Thế giới’,Các thành phố ở Canada cùng treo cờ mừng Ngày Pháp Luân Đại Pháp Thế giới,https://media.dieukydieu.tv/videos/original/C%C3%A1c-th%C3%A0nh-ph%E1%BB%91-%E1%BB%9F-Canada-c%C3%B9ng-treo-c%E1%BB%9D-m%E1%BB%ABng-Ng%C3%A0y-Ph%C3%A1p-Lu%C3%A2n-%C4%90%E1%BA%A1i-Ph%C3%A1p-Th%E1%BA%BF-gi%E1%BB%9Bi.mp4,Các thành phố ở Canada cùng treo cờ mừng Ngày Pháp Luân Đại Pháp Thế giới,,3,Nhiêu thành phô của Canada đã treo cờ của PhápLuân Công để kỷ niệm ngày Pháp Luân Đại Pháp Thế giới,https://www.youtube.com/watch?v=kjIabNujwjE,Chân Tướng ,608.0,
/cam-dong-hanh-trinh-nguoi-cha-tim-cach-chua-benh-cho-con-gai/,Cảm động: hành trình người cha tìm cách chữa bệnh cho con gái,cha chua benh cho con,https://media.dieukydieu.tv/videos/original/cha-chua-benh-cho-con.mp4,cha chua benh cho con Pháp Luân Công,,1,"Pháp Luân Công là môn tu luyện, không chỉ là chữa bệnh khỏe người - Nguyện Ước",https://www.youtube.com/watch?v=oltKgJhzD8Q,Nguyện Ước,649.0,
/cam-dong-hanh-trinh-nguoi-cha-tim-cach-chua-benh-cho-con-gai/,Cảm động: hành trình người cha tìm cách chữa bệnh cho con gái,cha chua benh cho con,https://media.dieukydieu.tv/videos/original/cha-chua-benh-cho-con.mp4,cha chua benh cho con Pháp Luân Công,,2,Người cha chữa bệnh cho con gái mình nhờ Pháp Luân Công ?,https://www.youtube.com/watch?v=5qP8__X9iDo,SỰ THẬT về Pháp Luân Công tại VIỆT NAM,549.0,
/cam-dong-hanh-trinh-nguoi-cha-tim-cach-chua-benh-cho-con-gai/,Cảm động: hành trình người cha tìm cách chữa bệnh cho con gái,cha chua benh cho con,https://media.dieukydieu.tv/videos/original/cha-chua-benh-cho-con.mp4,cha chua benh cho con Pháp Luân Công,,3,Bác sỹ nói gì về Pháp Luân Công và bệnh tật,https://www.youtube.com/watch?v=7ypP_j40kOE,Phản Bổn Quy Chân,226.0,
/cau-chuyen-9-doi-giay-cua-ong-vuong/,Câu chuyện 9 đôi giày của ông Vương,Cau chuyen 9 doi giay cua ong Vuong Phap Luan Cong,https://media.dieukydieu.tv/videos/original/Cau-chuyen-9-doi-giay-cua-ong-Vuong-Phap-Luan-Cong.mp4,Cau chuyen 9 doi giay cua ong Vuong Phap Luan Cong,,1,Pháp Luân Công 5 Bài Tập Luyện Hàng Ngày Nâng Cao Sức Khỏe,https://www.youtube.com/watch?v=uDCEq4DrsPM,Duong Le,2754.0,
/cau-chuyen-9-doi-giay-cua-ong-vuong/,Câu chuyện 9 đôi giày của ông Vương,Cau chuyen 9 doi giay cua ong Vuong Phap Luan Cong,https://media.dieukydieu.tv/videos/original/Cau-chuyen-9-doi-giay-cua-ong-Vuong-Phap-Luan-Cong.mp4,Cau chuyen 9 doi giay cua ong Vuong Phap Luan Cong,,2,Nữ Vương Vô Song - Công Lý Trong Đôi Giày Cao Gót - Nữ Hoàng Công Lý  Full Tập,https://www.youtube.com/watch?v=1DxeKdrhSTY,Ma Kết Review,6421.0,
/cau-chuyen-9-doi-giay-cua-ong-vuong/,Câu chuyện 9 đôi giày của ông Vương,Cau chuyen 9 doi giay cua ong Vuong Phap Luan Cong,https://media.dieukydieu.tv/videos/original/Cau-chuyen-9-doi-giay-cua-ong-Vuong-Phap-Luan-Cong.mp4,Cau chuyen 9 doi giay cua ong Vuong Phap Luan Cong,,3,Full Có Kết | Thiên Kim Thật Trở Về: Ai Đụng Vào Tôi Đều Phải Gặp Diêm Vương | ChipChip Review,https://www.youtube.com/watch?v=t7kwLfWFHfw,ChipChip Review,10054.0,
/cau-chuyen-cam-dong-bat-ngo-cua-mot-tre-tu-ky-hoa-nhap-voi-ban-be/,Câu chuyện cảm động bất ngờ của một trẻ tự kỷ hoà nhập với bạn bè,Cau chuyen cam dong bat ngo cua mot tre tu ky hoa nhap voi ban be,https://media.dieukydieu.tv/videos/original/Cau-chuyen-cam-dong-bat-ngo-cua-mot-tre-tu-ky-hoa-nhap-voi-ban-be.mp4,Cau chuyen cam dong bat ngo cua mot tre tu ky hoa nhap voi ban be Pháp Luân Công,,1,Phật Sống Tây Tạng Luân Hồi: Cậu Bé Bật Khóc Trước Pháp Tượng Của Chính Mình,https://www.youtube.com/watch?v=jxzR9IO8x2E,Ngẫm Radio,1581.0,
/cau-chuyen-cam-dong-bat-ngo-cua-mot-tre-tu-ky-hoa-nhap-voi-ban-be/,Câu chuyện cảm động bất ngờ của một trẻ tự kỷ hoà nhập với bạn bè,Cau chuyen cam dong bat ngo cua mot tre tu ky hoa nhap voi ban be,https://media.dieukydieu.tv/videos/original/Cau-chuyen-cam-dong-bat-ngo-cua-mot-tre-tu-ky-hoa-nhap-voi-ban-be.mp4,Cau chuyen cam dong bat ngo cua mot tre tu ky hoa nhap voi ban be Pháp Luân Công,,2,"Chàng trai nghèo thức tỉnh mắt thấu thị, nhờ săn của rẻ mà giàu, rước được mỹ nhân!",https://www.youtube.com/watch?v=21Q0KBLhPsw,Mê Phim Ngắn and 神豪快劇,7125.0,
/cau-chuyen-cam-dong-bat-ngo-cua-mot-tre-tu-ky-hoa-nhap-voi-ban-be/,Câu chuyện cảm động bất ngờ của một trẻ tự kỷ hoà nhập với bạn bè,Cau chuyen cam dong bat ngo cua mot tre tu ky hoa nhap voi ban be,https://media.dieukydieu.tv/videos/original/Cau-chuyen-cam-dong-bat-ngo-cua-mot-tre-tu-ky-hoa-nhap-voi-ban-be.mp4,Cau chuyen cam dong bat ngo cua mot tre tu ky hoa nhap voi ban be Pháp Luân Công,,3,"🔥Cô gái nghèo giải cứu rồng trắng, được sức mạnh long thần và mắt thấu thị, từ đó phát tài!#phimhay",https://www.youtube.com/watch?v=Mp9zilwbkOg,Mê Phim Ngắn,5317.0,
/cau-chuyen-than-thoai-cho-con-nguoi-tuong-lai-phan-1-thuyet-minh/,Câu chuyện thần thoại cho con người tương lai – Phần 1 [Thuyết Minh],Câu chuyện thần thoại cho con người tương lai Phần 1 Thuyết Minh,https://media.dieukydieu.tv/videos/original/C%C3%A2u-chuy%E1%BB%87n-th%E1%BA%A7n-tho%E1%BA%A1i-cho-con-ng%C6%B0%E1%BB%9Di-t%C6%B0%C6%A1ng-lai-Ph%E1%BA%A7n-1-Thuy%E1%BA%BFt-Minh.mp4,Câu chuyện thần thoại cho con người tương lai Phần 1 Thuyết Minh Pháp Luân Công,,1,Pháp Luân Công: Câu chuyện thần thoại cho con người tương lai (Phần 1),https://www.youtube.com/watch?v=DrljpFNxzQA,Khoa học và Tu luyện,2688.0,
/cau-chuyen-than-thoai-cho-con-nguoi-tuong-lai-phan-1-thuyet-minh/,Câu chuyện thần thoại cho con người tương lai – Phần 1 [Thuyết Minh],Câu chuyện thần thoại cho con người tương lai Phần 1 Thuyết Minh,https://media.dieukydieu.tv/videos/original/C%C3%A2u-chuy%E1%BB%87n-th%E1%BA%A7n-tho%E1%BA%A1i-cho-con-ng%C6%B0%E1%BB%9Di-t%C6%B0%C6%A1ng-lai-Ph%E1%BA%A7n-1-Thuy%E1%BA%BFt-Minh.mp4,Câu chuyện thần thoại cho con người tương lai Phần 1 Thuyết Minh Pháp Luân Công,,2,Pháp Luân Công: Câu chuyện thần thoại cho con người tương lai (Phần 2),https://www.youtube.com/watch?v=zaiY-vJ8sq0,Khoa học và Tu luyện,2900.0,
/cau-chuyen-than-thoai-cho-con-nguoi-tuong-lai-phan-1-thuyet-minh/,Câu chuyện thần thoại cho con người tương lai – Phần 1 [Thuyết Minh],Câu chuyện thần thoại cho con người tương lai Phần 1 Thuyết Minh,https://media.dieukydieu.tv/videos/original/C%C3%A2u-chuy%E1%BB%87n-th%E1%BA%A7n-tho%E1%BA%A1i-cho-con-ng%C6%B0%E1%BB%9Di-t%C6%B0%C6%A1ng-lai-Ph%E1%BA%A7n-1-Thuy%E1%BA%BFt-Minh.mp4,Câu chuyện thần thoại cho con người tương lai Phần 1 Thuyết Minh Pháp Luân Công,,3,"Câu chuyện thần thoại, dành cho con người tương lai! #falundafa #phápluâncông",https://www.youtube.com/watch?v=VUPJu6tF2JY,Như Nguyện,260.0,
/cau-chuyen-than-thoai-cho-con-nguoi-tuong-lai-phan-2-thuyet-minh/,Câu chuyện thần thoại cho con người tương lai – Phần 2 [Thuyết Minh],Câu chuyện thần thoại cho con người tương lai Phần 2 Thuyết Minh,https://media.dieukydieu.tv/videos/original/C%C3%A2u-chuy%E1%BB%87n-th%E1%BA%A7n-tho%E1%BA%A1i-cho-con-ng%C6%B0%E1%BB%9Di-t%C6%B0%C6%A1ng-lai-Ph%E1%BA%A7n-2-Thuy%E1%BA%BFt-Minh.mp4,Câu chuyện thần thoại cho con người tương lai Phần 2 Thuyết Minh Pháp Luân Công,,1,Pháp Luân Công: Câu chuyện thần thoại cho con người tương lai (Phần 2),https://www.youtube.com/watch?v=zaiY-vJ8sq0,Khoa học và Tu luyện,2900.0,
/cau-chuyen-than-thoai-cho-con-nguoi-tuong-lai-phan-2-thuyet-minh/,Câu chuyện thần thoại cho con người tương lai – Phần 2 [Thuyết Minh],Câu chuyện thần thoại cho con người tương lai Phần 2 Thuyết Minh,https://media.dieukydieu.tv/videos/original/C%C3%A2u-chuy%E1%BB%87n-th%E1%BA%A7n-tho%E1%BA%A1i-cho-con-ng%C6%B0%E1%BB%9Di-t%C6%B0%C6%A1ng-lai-Ph%E1%BA%A7n-2-Thuy%E1%BA%BFt-Minh.mp4,Câu chuyện thần thoại cho con người tương lai Phần 2 Thuyết Minh Pháp Luân Công,,2,Pháp Luân Công: Câu chuyện thần thoại cho con người tương lai (Phần 1),https://www.youtube.com/watch?v=DrljpFNxzQA,Khoa học và Tu luyện,2688.0,
/cau-chuyen-than-thoai-cho-con-nguoi-tuong-lai-phan-2-thuyet-minh/,Câu chuyện thần thoại cho con người tương lai – Phần 2 [Thuyết Minh],Câu chuyện thần thoại cho con người tương lai Phần 2 Thuyết Minh,https://media.dieukydieu.tv/videos/original/C%C3%A2u-chuy%E1%BB%87n-th%E1%BA%A7n-tho%E1%BA%A1i-cho-con-ng%C6%B0%E1%BB%9Di-t%C6%B0%C6%A1ng-lai-Ph%E1%BA%A7n-2-Thuy%E1%BA%BFt-Minh.mp4,Câu chuyện thần thoại cho con người tương lai Phần 2 Thuyết Minh Pháp Luân Công,,3,"Câu chuyện thần thoại, dành cho con người tương lai! #falundafa #phápluâncông",https://www.youtube.com/watch?v=VUPJu6tF2JY,Như Nguyện,260.0,
/chao-mung-ngay-phap-luan-dai-phap-the-gioi-13-5-2021/,Chào mừng ngày Pháp Luân Đại Pháp thế giới 13-5-2021,pldp2,https://media.dieukydieu.tv/videos/original/pldp2.mp4,Chào mừng ngày Pháp Luân Đại Pháp thế giới 13-5-2021,,1,Nhóm nhỏ học viên Sài Gòn mừng ngày Pháp Luân Đại Pháp thế giới 13-5 -2021,https://www.youtube.com/watch?v=aaudwjLOLKM,Chân Tướng,628.0,
/chao-mung-ngay-phap-luan-dai-phap-the-gioi-13-5-2021/,Chào mừng ngày Pháp Luân Đại Pháp thế giới 13-5-2021,pldp2,https://media.dieukydieu.tv/videos/original/pldp2.mp4,Chào mừng ngày Pháp Luân Đại Pháp thế giới 13-5-2021,,2,Chúc mừng ngày Pháp Luân Đại Pháp thế giới 13/5 #QuayVềTruyềnThống,https://www.youtube.com/watch?v=zjfO2MCpjrA,Quay Về Truyền Thống,201.0,
/chao-mung-ngay-phap-luan-dai-phap-the-gioi-13-5-2021/,Chào mừng ngày Pháp Luân Đại Pháp thế giới 13-5-2021,pldp2,https://media.dieukydieu.tv/videos/original/pldp2.mp4,Chào mừng ngày Pháp Luân Đại Pháp thế giới 13-5-2021,,3,Mừng ngày Pháp Luân Đại Pháp thế giới 13/5,https://www.youtube.com/watch?v=bHLvr-eon18,Hung Ha,95.0,
/chuong-trinh-ky-niem-ngay-phap-luan-dai-phap-tai-ha-noi-13-5-2018/,Chương trình kỷ niệm ngày Pháp Luân Đại Pháp tại Hà Nội 13/5/2018,ki niem 13 5,https://media.dieukydieu.tv/videos/original/ki-niem-13-5.mp4,ki niem 13 5 Pháp Luân Công,,1,Chương trình biểu diễn nghệ thuật kỷ niệm ngày Pháp Luân Đại Pháp thế giới 13 5,https://www.youtube.com/watch?v=zvChzSHX5QA,Hùng Phan Official (Chân-Thiện-Nhẫn-Hảo),437.0,
/chuong-trinh-ky-niem-ngay-phap-luan-dai-phap-tai-ha-noi-13-5-2018/,Chương trình kỷ niệm ngày Pháp Luân Đại Pháp tại Hà Nội 13/5/2018,ki niem 13 5,https://media.dieukydieu.tv/videos/original/ki-niem-13-5.mp4,ki niem 13 5 Pháp Luân Công,,2,Học viên Pháp Luân Công Việt Nam tại Nhật Bản kỷ niệm NGÀY PHÁP LUÂN ĐẠI PHÁP THẾ GIỚI 13/5/2020,https://www.youtube.com/watch?v=2Ae3w7c13B0,Học viên Pháp Luân Công tại Nhật Bản,458.0,
/chuong-trinh-ky-niem-ngay-phap-luan-dai-phap-tai-ha-noi-13-5-2018/,Chương trình kỷ niệm ngày Pháp Luân Đại Pháp tại Hà Nội 13/5/2018,ki niem 13 5,https://media.dieukydieu.tv/videos/original/ki-niem-13-5.mp4,ki niem 13 5 Pháp Luân Công,,3,13/5/2013 Hoạt động xếp hình kỉ niệm Ngày Pháp Luân Đại Pháp thế giới,https://www.youtube.com/watch?v=XKrtxrGKJS8,Bách Thông,281.0,
/covid-19-chia-se-cua-bac-si-vien-phoi/,Covid-19: Chia sẻ của bác sĩ viện phổi,covid,https://media.dieukydieu.tv/videos/original/covid.mp4,Covid-19: Chia sẻ của bác sĩ viện phổi Pháp Luân Công,,1,Điều trị COVID-19 và di chứng phổi sau COVID-19 - Phần thảo luận,https://www.youtube.com/watch?v=Oh8e5Zi2dAw,Hội Hô hấp Việt Nam Official,3076.0,
/covid-19-chia-se-cua-bac-si-vien-phoi/,Covid-19: Chia sẻ của bác sĩ viện phổi,covid,https://media.dieukydieu.tv/videos/original/covid.mp4,Covid-19: Chia sẻ của bác sĩ viện phổi Pháp Luân Công,,2,Xơ phổi hậu COVID,https://www.youtube.com/watch?v=_3ffPbF1J4I,Kênh Chia sẻ Y học | Medicine Sharing channel,6056.0,
/covid-19-chia-se-cua-bac-si-vien-phoi/,Covid-19: Chia sẻ của bác sĩ viện phổi,covid,https://media.dieukydieu.tv/videos/original/covid.mp4,Covid-19: Chia sẻ của bác sĩ viện phổi Pháp Luân Công,,3,Điều trị COVID-19 và di chứng phổi sau COVID-19 | Hội Hô hấp Việt Nam,https://www.youtube.com/watch?v=Ia26lS0iJ5U,Kênh Y Khoa,13241.0,
/da-nang-phap-luan-dai-phap-hong-truyen/,Đà Nẵng Pháp Luân Đại Pháp Hồng Truyền,da nang,https://media.dieukydieu.tv/videos/original/da-nang.mp4,da nang Pháp Luân Công,,1,Pháp Luân Công tại Đà Nẵng - Ý nghĩa nhân sinh của đời người,https://www.youtube.com/watch?v=DMAdhTcayYI,Info Falun Dafa,529.0,
/da-nang-phap-luan-dai-phap-hong-truyen/,Đà Nẵng Pháp Luân Đại Pháp Hồng Truyền,da nang,https://media.dieukydieu.tv/videos/original/da-nang.mp4,da nang Pháp Luân Công,,2,Chia Sẻ Của Những Người Tu Luyện Pháp Luân Công | Falun Dafa In Vietnam,https://www.youtube.com/watch?v=2o-WdTtUu0E,Đức Hùng Channel,865.0,
/da-nang-phap-luan-dai-phap-hong-truyen/,Đà Nẵng Pháp Luân Đại Pháp Hồng Truyền,da nang,https://media.dieukydieu.tv/videos/original/da-nang.mp4,da nang Pháp Luân Công,,3,Pháp Luân Công 5 Bài Tập Luyện Hàng Ngày Nâng Cao Sức Khỏe,https://www.youtube.com/watch?v=uDCEq4DrsPM,Duong Le,2754.0,
/dai-phap-hong-truyen-gioi-thieu-phap-luan-cong/,Đại Pháp Hồng Truyền – Giới thiệu Pháp Luân Công,dai phap hong truyen,https://media.dieukydieu.tv/videos/original/dai-phap-hong-truyen.mp4,dai phap hong truyen Pháp Luân Công,,1,PHÁP LUÂN ĐẠI PHÁP NGHĨA GIẢI,https://www.youtube.com/watch?v=h-4xwW85ciw,HỒNG TRUYỀN ĐẠI PHÁP,16648.0,
/dai-phap-hong-truyen-gioi-thieu-phap-luan-cong/,Đại Pháp Hồng Truyền – Giới thiệu Pháp Luân Công,dai phap hong truyen,https://media.dieukydieu.tv/videos/original/dai-phap-hong-truyen.mp4,dai phap hong truyen Pháp Luân Công,,2,CHUYỂN PHÁP LUÂN - PHÁP GIẢI (ĐẾN TRANG 166) | PHÁP LUÂN ĐẠI PHÁP,https://www.youtube.com/watch?v=KVA_yqwCmrw,HỒNG TRUYỀN ĐẠI PHÁP,16554.0,
/dai-phap-hong-truyen-gioi-thieu-phap-luan-cong/,Đại Pháp Hồng Truyền – Giới thiệu Pháp Luân Công,dai phap hong truyen,https://media.dieukydieu.tv/videos/original/dai-phap-hong-truyen.mp4,dai phap hong truyen Pháp Luân Công,,3,GIẢNG PHÁP TẠI PHÁP HỘI MỸ QUỐC | PHÁP LUÂN ĐẠI PHÁP,https://www.youtube.com/watch?v=falSXKHxR3c,HỒNG TRUYỀN ĐẠI PHÁP,13246.0,
/de-sinh-menh-duoc-cam-thu/,Để sinh mệnh được cảm thụ,de sinh menh dc cam thu,https://media.dieukydieu.tv/videos/original/de-sinh-menh-dc-cam-thu.mp4,de sinh menh dc cam thu Pháp Luân Công,,1,"Tự khúc: Để sinh mệnh được cảm thụ, mục đích làm người [Lời Việt]",https://www.youtube.com/watch?v=eKVrjXJ0Wdw,Bách Thông,229.0,
/de-sinh-menh-duoc-cam-thu/,Để sinh mệnh được cảm thụ,de sinh menh dc cam thu,https://media.dieukydieu.tv/videos/original/de-sinh-menh-dc-cam-thu.mp4,de sinh menh dc cam thu Pháp Luân Công,,2,MV: Để sinh mệnh được cảm thụ (Quay tại đồi chè quê hương Thái Nguyên),https://www.youtube.com/watch?v=V15H1bFh7fM,Bách Thông,241.0,
/de-sinh-menh-duoc-cam-thu/,Để sinh mệnh được cảm thụ,de sinh menh dc cam thu,https://media.dieukydieu.tv/videos/original/de-sinh-menh-dc-cam-thu.mp4,de sinh menh dc cam thu Pháp Luân Công,,3,Tự khúc: Để sinh mệnh được cảm thụ P.2 [Vietsub + pinyin],https://www.youtube.com/watch?v=rdJTJ3_2I38,Bách Thông,227.0,
/de-tu-dai-phap-viet-nam-chuc-tet-su-phu/,Đệ tử Đại Pháp Việt Nam chúc tết Sư Phụ,Đệ tử Đại Pháp Việt Nam chúc tết Sư Phụ,https://media.dieukydieu.tv/videos/original/%C4%90%E1%BB%87-t%E1%BB%AD-%C4%90%E1%BA%A1i-Ph%C3%A1p-Vi%E1%BB%87t-Nam-ch%C3%BAc-t%E1%BA%BFt-S%C6%B0-Ph%E1%BB%A5.mp4,Đệ tử Đại Pháp Việt Nam chúc tết Sư Phụ Pháp Luân Công,,1,Bài hát: Chúc tết Sư Phụ - tiểu đệ tử Đại Pháp Nam Định,https://www.youtube.com/watch?v=2mvqKkJkX0I,Bách Thông,173.0,
/de-tu-dai-phap-viet-nam-chuc-tet-su-phu/,Đệ tử Đại Pháp Việt Nam chúc tết Sư Phụ,Đệ tử Đại Pháp Việt Nam chúc tết Sư Phụ,https://media.dieukydieu.tv/videos/original/%C4%90%E1%BB%87-t%E1%BB%AD-%C4%90%E1%BA%A1i-Ph%C3%A1p-Vi%E1%BB%87t-Nam-ch%C3%BAc-t%E1%BA%BFt-S%C6%B0-Ph%E1%BB%A5.mp4,Đệ tử Đại Pháp Việt Nam chúc tết Sư Phụ Pháp Luân Công,,2,Đệ tử Đại Pháp Bình Dương (Việt Nam) kính chúc Sư phụ sinh nhật vui vẻ,https://www.youtube.com/watch?v=wGN-WSU0eIs,Info Falun Dafa,256.0,
/de-tu-dai-phap-viet-nam-chuc-tet-su-phu/,Đệ tử Đại Pháp Việt Nam chúc tết Sư Phụ,Đệ tử Đại Pháp Việt Nam chúc tết Sư Phụ,https://media.dieukydieu.tv/videos/original/%C4%90%E1%BB%87-t%E1%BB%AD-%C4%90%E1%BA%A1i-Ph%C3%A1p-Vi%E1%BB%87t-Nam-ch%C3%BAc-t%E1%BA%BFt-S%C6%B0-Ph%E1%BB%A5.mp4,Đệ tử Đại Pháp Việt Nam chúc tết Sư Phụ Pháp Luân Công,,3,Đệ tử Đại Pháp Việt Nam kính chúc Sư Phụ năm mới vui vẻ!,https://www.youtube.com/watch?v=w3lhUv2gEPM,Trở Về Nhà,422.0,
/de-tu-viet-nam-mung-ngay-phap-luan-dai-phap-the-gioi-13-5-2020/,Học viên Việt Nam mừng ngày Pháp Luân Đại Pháp thế giới 13-5-2020,15 05 2,https://media.dieukydieu.tv/videos/original/15-05-2.mp4,15 05 2 Pháp Luân Công,,1,Pháp Luân Công 5 Bài Tập Luyện Hàng Ngày Nâng Cao Sức Khỏe,https://www.youtube.com/watch?v=uDCEq4DrsPM,Duong Le,2754.0,
/de-tu-viet-nam-mung-ngay-phap-luan-dai-phap-the-gioi-13-5-2020/,Học viên Việt Nam mừng ngày Pháp Luân Đại Pháp thế giới 13-5-2020,15 05 2,https://media.dieukydieu.tv/videos/original/15-05-2.mp4,15 05 2 Pháp Luân Công,,2,@Pháp Luân Công - Phát chính niệm.,https://www.youtube.com/watch?v=Bt2SoqeIwwc,THƯ GIÃN  TV  LH,918.0,
/de-tu-viet-nam-mung-ngay-phap-luan-dai-phap-the-gioi-13-5-2020/,Học viên Việt Nam mừng ngày Pháp Luân Đại Pháp thế giới 13-5-2020,15 05 2,https://media.dieukydieu.tv/videos/original/15-05-2.mp4,15 05 2 Pháp Luân Công,,3,Phap luan cong   1-5 (2),https://www.youtube.com/watch?v=mJjHgG6qb6A,Pháp Luân Công - Falun Gong,4342.0,
/dieu-gi-khien-mot-bac-si-tay-y-tin-vao-phap-luan-cong/,Điều gì khiến một bác sĩ Tây y tin vào Pháp Luân Công?,Dieu gi khien mot bac si Tay y tin vao Phap Luan Cong,https://media.dieukydieu.tv/videos/original/Dieu-gi-khien-mot-bac-si-Tay-y-tin-vao-Phap-Luan-Cong.mp4,Dieu gi khien mot bac si Tay y tin vao Phap Luan Cong,,1,Điều gì khiến một bác sĩ Tây y tin vào Pháp Luân Công,https://www.youtube.com/watch?v=yTQGqJPlxpA,Pháp Luân Công – Góc nhìn đa chiều,431.0,
/dieu-gi-khien-mot-bac-si-tay-y-tin-vao-phap-luan-cong/,Điều gì khiến một bác sĩ Tây y tin vào Pháp Luân Công?,Dieu gi khien mot bac si Tay y tin vao Phap Luan Cong,https://media.dieukydieu.tv/videos/original/Dieu-gi-khien-mot-bac-si-Tay-y-tin-vao-Phap-Luan-Cong.mp4,Dieu gi khien mot bac si Tay y tin vao Phap Luan Cong,,2,Bác Sĩ Tây Y và Pháp Luân Công | Đắc Pháp Cố Sự #80 | Hữu Duyên Re-Up,https://www.youtube.com/watch?v=ahF0HuTlSg4,Hữu Duyên TV,490.0,
/dieu-gi-khien-mot-bac-si-tay-y-tin-vao-phap-luan-cong/,Điều gì khiến một bác sĩ Tây y tin vào Pháp Luân Công?,Dieu gi khien mot bac si Tay y tin vao Phap Luan Cong,https://media.dieukydieu.tv/videos/original/Dieu-gi-khien-mot-bac-si-Tay-y-tin-vao-Phap-Luan-Cong.mp4,Dieu gi khien mot bac si Tay y tin vao Phap Luan Cong,,3,Falun Gong: A miraculous therapy or a scam?! | THDT,https://www.youtube.com/watch?v=66TIaxgIIsA,Truyền Hình Đồng Tháp,424.0,
/dieu-ky-dieu-tai-thanh-pho-bien-vung-tau/,Điều kỳ diệu tại thành phố biển Vũng Tàu,vung tau,https://media.dieukydieu.tv/videos/original/vung-tau.mp4,vung tau Pháp Luân Công,,1,Pháp Luân Công: Chia sẻ của những học viên tại Vũng Tàu về tu luyện,https://www.youtube.com/watch?v=1-ioew-vc0E,Khoa học và Tu luyện,620.0,
/dieu-ky-dieu-tai-thanh-pho-bien-vung-tau/,Điều kỳ diệu tại thành phố biển Vũng Tàu,vung tau,https://media.dieukydieu.tv/videos/original/vung-tau.mp4,vung tau Pháp Luân Công,,2,Pháp Luân Công: Bác Linh Chi ở Vũng Tầu Chia sẻ về tu luyện Pháp Luân Đại Pháp,https://www.youtube.com/watch?v=c_GCmfvsYg4,Khoa học và Tu luyện,291.0,
/dieu-ky-dieu-tai-thanh-pho-bien-vung-tau/,Điều kỳ diệu tại thành phố biển Vũng Tàu,vung tau,https://media.dieukydieu.tv/videos/original/vung-tau.mp4,vung tau Pháp Luân Công,,3,Người dân Vũng Tàu chia sẻ về Pháp Luân Công,https://www.youtube.com/watch?v=feEvebilnoI,Trở Về Nhà,646.0,
/dieu-uoc-cua-boi-boi/,Điều ước của Bối Bối,Điều ước của Bối Bối1,https://media.dieukydieu.tv/videos/original/y2meta.com-%C4%90i%E1%BB%81u-%C6%B0%E1%BB%9Bc-c%E1%BB%A7a-B%E1%BB%91i-B%E1%BB%91i1.mp4,Điều ước của Bối Bối1 Pháp Luân Công,,1,Kho Sách Nói Channel | Đá Cuội Hay Kim Cương - Những Bài Học Tự Khẳng Định Bản Thân | Dale Carnegie,https://www.youtube.com/watch?v=s4qlni6a8S4,Kho Sách Nói Channel,16808.0,
/dieu-uoc-cua-boi-boi/,Điều ước của Bối Bối,Điều ước của Bối Bối1,https://media.dieukydieu.tv/videos/original/y2meta.com-%C4%90i%E1%BB%81u-%C6%B0%E1%BB%9Bc-c%E1%BB%A7a-B%E1%BB%91i-B%E1%BB%91i1.mp4,Điều ước của Bối Bối1 Pháp Luân Công,,2,5 Bảo bối bỏ vào cà phê (coffe) phục hồi phong độ quý ông trên 50 như trai trẻ | Sinh Lý Nam Tuổi 50,https://www.youtube.com/watch?v=VBpPE38_8Zs,Sinh Lý U50,1639.0,
/doan-dieu-hanh-gan-10-000-hoc-vien-phap-luan-cong-lam-xuc-dong-nguoi-dan-new-york-vao-ngay-16-5-2019/,Đoàn diễu hành gần 10 000 học viên Pháp Luân Công làm xúc động người dân New York vào ngày 16/5/2019,doan dieu hanh 1000 nguoi,https://media.dieukydieu.tv/videos/original/doan-dieu-hanh-1000-nguoi.mp4,doan dieu hanh 1000 nguoi Pháp Luân Công,,1,Pháp Luân Công 5 Bài Tập Luyện Hàng Ngày Nâng Cao Sức Khỏe,https://www.youtube.com/watch?v=uDCEq4DrsPM,Duong Le,2754.0,
/doan-dieu-hanh-gan-10-000-hoc-vien-phap-luan-cong-lam-xuc-dong-nguoi-dan-new-york-vao-ngay-16-5-2019/,Đoàn diễu hành gần 10 000 học viên Pháp Luân Công làm xúc động người dân New York vào ngày 16/5/2019,doan dieu hanh 1000 nguoi,https://media.dieukydieu.tv/videos/original/doan-dieu-hanh-1000-nguoi.mp4,doan dieu hanh 1000 nguoi Pháp Luân Công,,2,Phật Sống Tây Tạng Luân Hồi: Cậu Bé Bật Khóc Trước Pháp Tượng Của Chính Mình,https://www.youtube.com/watch?v=jxzR9IO8x2E,Ngẫm Radio,1581.0,
/doan-dieu-hanh-gan-10-000-hoc-vien-phap-luan-cong-lam-xuc-dong-nguoi-dan-new-york-vao-ngay-16-5-2019/,Đoàn diễu hành gần 10 000 học viên Pháp Luân Công làm xúc động người dân New York vào ngày 16/5/2019,doan dieu hanh 1000 nguoi,https://media.dieukydieu.tv/videos/original/doan-dieu-hanh-1000-nguoi.mp4,doan dieu hanh 1000 nguoi Pháp Luân Công,,3,"Mang ngọc xuyên, mở thiên nhãn, cướp bảo vật, đưa về nhà. Hết.",https://www.youtube.com/watch?v=CWBUkJFSPpw,Kịch Hay Mỗi Ngày,7686.0,
/giao-su-tien-sy-y-hoc-chia-se-cach-bao-ve-suc-khoe-truoc-dich-benh/,Giáo sư – Tiến sỹ Y học chia sẻ cách bảo vệ sức khoẻ trước dịch bệnh,vacsin,https://media.dieukydieu.tv/videos/original/vacsin.mp4,Giáo sư – Tiến sỹ Y học chia sẻ cách bảo vệ sức khoẻ trước dịch bệnh Pháp Luân Công,,1,Giáo sư - Tiến sỹ Y học chia sẻ cách bảo vệ sức khoẻ trước dịch bệnh,https://www.youtube.com/watch?v=64jur0QY58I,Kỷ Nguyên Mới,458.0,
/giao-su-tien-sy-y-hoc-chia-se-cach-bao-ve-suc-khoe-truoc-dich-benh/,Giáo sư – Tiến sỹ Y học chia sẻ cách bảo vệ sức khoẻ trước dịch bệnh,vacsin,https://media.dieukydieu.tv/videos/original/vacsin.mp4,Giáo sư – Tiến sỹ Y học chia sẻ cách bảo vệ sức khoẻ trước dịch bệnh Pháp Luân Công,,2,Giáo sư - Tiến sỹ Y học chia sẻ cách bảo vệ sức khoẻ trước dịch bệnh - Tinh Hoa TV chuyên đề,https://www.youtube.com/watch?v=E2z-zae-pt8,Tinh Hoa TV #Kênh Dự Phòng 2,457.0,
/giao-su-tien-sy-y-hoc-chia-se-cach-bao-ve-suc-khoe-truoc-dich-benh/,Giáo sư – Tiến sỹ Y học chia sẻ cách bảo vệ sức khoẻ trước dịch bệnh,vacsin,https://media.dieukydieu.tv/videos/original/vacsin.mp4,Giáo sư – Tiến sỹ Y học chia sẻ cách bảo vệ sức khoẻ trước dịch bệnh Pháp Luân Công,,3,Giáo sư - Tiến sỹ Y học chia sẻ cách bảo vệ sức khoẻ trước dịch bệnh - Tinh Hoa TV,https://www.youtube.com/watch?v=fv13kmz-REs,Tri Thức Tinh Hoa,440.0,
/gioi-thieu-phap-luan-cong/,Giới thiệu Pháp Luân Công,gioi thieu phap luan cong,https://media.dieukydieu.tv/videos/original/gioi-thieu-phap-luan-cong.mp4,gioi thieu phap luan cong,,1,Pháp Luân Công: #1. Giới thiệu Pháp Luân Đại Pháp,https://www.youtube.com/watch?v=pMVrVD5Hq_s,Dafa Great,396.0,
/gioi-thieu-phap-luan-cong/,Giới thiệu Pháp Luân Công,gioi thieu phap luan cong,https://media.dieukydieu.tv/videos/original/gioi-thieu-phap-luan-cong.mp4,gioi thieu phap luan cong,,2,Giới thiệu Pháp Luân Đại Pháp | New Century Films Viet,https://www.youtube.com/watch?v=ElIIIvdDqV4,New Century Films Viet,256.0,
/gioi-thieu-phap-luan-cong/,Giới thiệu Pháp Luân Công,gioi thieu phap luan cong,https://media.dieukydieu.tv/videos/original/gioi-thieu-phap-luan-cong.mp4,gioi thieu phap luan cong,,3,Pháp Luân Đại Pháp - Giới thiệu về môn tu luyện - Các bãi tập trên toàn thế giới,https://www.youtube.com/watch?v=eRmSv2RTExs,SL4,310.0,
/hanh-trinh-tim-kiem-thien-co-ky-thu/,Hành trình tìm kiếm Thiên Cổ Kỳ Thư,thien co ky thu,https://media.dieukydieu.tv/videos/original/thien-co-ky-thu.mp4,thien co ky thu Pháp Luân Công,,1,"Pháp Luân Công: Hành trình tìm kiếm ""Thiên cổ kỳ thư""",https://www.youtube.com/watch?v=z21Mg8khzDI,Khoa học và Tu luyện,599.0,
/hanh-trinh-tim-kiem-thien-co-ky-thu/,Hành trình tìm kiếm Thiên Cổ Kỳ Thư,thien co ky thu,https://media.dieukydieu.tv/videos/original/thien-co-ky-thu.mp4,thien co ky thu Pháp Luân Công,,2,Bài 4 Pháp luân công- Pháp luân châu thiên pháp,https://www.youtube.com/watch?v=c2vhd2gACgE,Ươm mầm ước mơ ,262.0,
/hanh-trinh-tim-kiem-thien-co-ky-thu/,Hành trình tìm kiếm Thiên Cổ Kỳ Thư,thien co ky thu,https://media.dieukydieu.tv/videos/original/thien-co-ky-thu.mp4,thien co ky thu Pháp Luân Công,,3,Chuyển Pháp Luân Pháp Giải tại Bắc Kinh [Pháp Luân Công],https://www.youtube.com/watch?v=kVRHlWe1PGw,Panna Sonic,8185.0,
/hien-tuong-moi-trong-dai-dich-gan-2-000-nguoi-hoc-phap-luan-cong-qua-internet/,Hiện tượng mới trong đại dịch Gần 2 000 người học Pháp Luân Công qua internet,Hiện tượng mới trong đại dịch Gần 2 000 người học Pháp Luân Công qua internet,https://media.dieukydieu.tv/videos/original/Hi%E1%BB%87n-t%C6%B0%E1%BB%A3ng-m%E1%BB%9Bi-trong-%C4%91%E1%BA%A1i-d%E1%BB%8Bch-G%E1%BA%A7n-2-000-ng%C6%B0%E1%BB%9Di-h%E1%BB%8Dc-Ph%C3%A1p-Lu%C3%A2n-C%C3%B4ng-qua-internet.mp4,Hiện tượng mới trong đại dịch Gần 2 000 người học Pháp Luân Công qua internet,,1,Hiện tượng mới trong đại dịch Gần 2 000 người học Pháp Luân Công qua internet,https://www.youtube.com/watch?v=q4MI9SapTY0,Info Falun Dafa,261.0,
/hien-tuong-moi-trong-dai-dich-gan-2-000-nguoi-hoc-phap-luan-cong-qua-internet/,Hiện tượng mới trong đại dịch Gần 2 000 người học Pháp Luân Công qua internet,Hiện tượng mới trong đại dịch Gần 2 000 người học Pháp Luân Công qua internet,https://media.dieukydieu.tv/videos/original/Hi%E1%BB%87n-t%C6%B0%E1%BB%A3ng-m%E1%BB%9Bi-trong-%C4%91%E1%BA%A1i-d%E1%BB%8Bch-G%E1%BA%A7n-2-000-ng%C6%B0%E1%BB%9Di-h%E1%BB%8Dc-Ph%C3%A1p-Lu%C3%A2n-C%C3%B4ng-qua-internet.mp4,Hiện tượng mới trong đại dịch Gần 2 000 người học Pháp Luân Công qua internet,,2,Hiện tượng mới trong đại dịch Gần 2.000 người học Pháp Luân Công qua internet,https://www.youtube.com/watch?v=wpUO6ngDXno,Chân Tướng ,259.0,
/hien-tuong-moi-trong-dai-dich-gan-2-000-nguoi-hoc-phap-luan-cong-qua-internet/,Hiện tượng mới trong đại dịch Gần 2 000 người học Pháp Luân Công qua internet,Hiện tượng mới trong đại dịch Gần 2 000 người học Pháp Luân Công qua internet,https://media.dieukydieu.tv/videos/original/Hi%E1%BB%87n-t%C6%B0%E1%BB%A3ng-m%E1%BB%9Bi-trong-%C4%91%E1%BA%A1i-d%E1%BB%8Bch-G%E1%BA%A7n-2-000-ng%C6%B0%E1%BB%9Di-h%E1%BB%8Dc-Ph%C3%A1p-Lu%C3%A2n-C%C3%B4ng-qua-internet.mp4,Hiện tượng mới trong đại dịch Gần 2 000 người học Pháp Luân Công qua internet,,3,Hiện tượng mới trong đại dịch Gần 2 000 người học Pháp Luân Công qua internet,https://www.youtube.com/watch?v=t3V05DNc_Pk,Dafa Great,259.0,
/hoc-vien-hai-phong-ky-niem-ngay-phap-luan-dai-phap-the-gioi-13-05-2018/,Học viên Hải Phòng kỷ niệm ngày Pháp Luân Đại Pháp thế giới 13/05/2018,hai phong,https://media.dieukydieu.tv/videos/original/hai-phong.mp4,hai phong Pháp Luân Công,,1,Pháp Luân Công Hải Phòng - Chia sẻ của các học viên trẻ HP,https://www.youtube.com/watch?v=YRPwloT4E3Q,Thuctinh vn,460.0,
/hoc-vien-hai-phong-ky-niem-ngay-phap-luan-dai-phap-the-gioi-13-05-2018/,Học viên Hải Phòng kỷ niệm ngày Pháp Luân Đại Pháp thế giới 13/05/2018,hai phong,https://media.dieukydieu.tv/videos/original/hai-phong.mp4,hai phong Pháp Luân Công,,2,GIỚI TRẺ HẢI PHÒNG TU LUYỆN PHÁP LUÂN CÔNG 720p,https://www.youtube.com/watch?v=VrJpWqaUvkM,THỨC TỈNH,686.0,
/hoc-vien-hai-phong-ky-niem-ngay-phap-luan-dai-phap-the-gioi-13-05-2018/,Học viên Hải Phòng kỷ niệm ngày Pháp Luân Đại Pháp thế giới 13/05/2018,hai phong,https://media.dieukydieu.tv/videos/original/hai-phong.mp4,hai phong Pháp Luân Công,,3,GIỚI TRẺ HẢI PHÒNG TU LUYỆN PHÁP LUÂN CÔNG. LÝ DO GÌ THU HÚT HỌ NHƯ VẬY?,https://www.youtube.com/watch?v=Ek1AXB9gcKs,Dafa Great,107.0,
/index.html?p=1634.html,Sự Hồi Sinh Kỳ Diệu Của Người Mẹ Trẻ,nguoi me tre,https://media.dieukydieu.tv/videos/original/nguoi-me-tre.mp4,nguoi me tre Pháp Luân Công,,1,Pháp Luân Công: Sự hồi sinh kỳ diệu của người mẹ trẻ nhờ tu luyện,https://www.youtube.com/watch?v=qkOS4LOZfjk,Khoa học và Tu luyện,474.0,
/index.html?p=1634.html,Sự Hồi Sinh Kỳ Diệu Của Người Mẹ Trẻ,nguoi me tre,https://media.dieukydieu.tv/videos/original/nguoi-me-tre.mp4,nguoi me tre Pháp Luân Công,,2,Pháp Luân Công: Bí quyết càng ngày càng trẻ của người phụ nữ 68 tuổi.,https://www.youtube.com/watch?v=eCCNzOSaXtc,Khoa học và Tu luyện,394.0,
/index.html?p=1634.html,Sự Hồi Sinh Kỳ Diệu Của Người Mẹ Trẻ,nguoi me tre,https://media.dieukydieu.tv/videos/original/nguoi-me-tre.mp4,nguoi me tre Pháp Luân Công,,3,Pháp Luân Công: Tâm sự của người mẹ có con gái bị hội chứng Turner,https://www.youtube.com/watch?v=MOmsiCrNJ84,Khoa học và Tu luyện,819.0,
/index.html?p=1671.html,Pháp Luân Công tại Đồng Xoài – Bình Phước,binh phuoc,https://media.dieukydieu.tv/videos/original/binh-phuoc.mp4,binh phuoc Pháp Luân Công,,1,Tập Pháp Luân Công tại Bình Phước.,https://www.youtube.com/watch?v=s2YiYP4to6M,THỨC TỈNH,554.0,
/index.html?p=1671.html,Pháp Luân Công tại Đồng Xoài – Bình Phước,binh phuoc,https://media.dieukydieu.tv/videos/original/binh-phuoc.mp4,binh phuoc Pháp Luân Công,,2,"Can nhiễu,bắt bớ, đánh đập - rất nhiều học viên Pháp Luân Công vì tập luyện tại công viên cả nước",https://www.youtube.com/watch?v=q11PveGRxII,TÂN KỶ NGUYÊN,48.0,
/index.html?p=1671.html,Pháp Luân Công tại Đồng Xoài – Bình Phước,binh phuoc,https://media.dieukydieu.tv/videos/original/binh-phuoc.mp4,binh phuoc Pháp Luân Công,,3,Pháp Luân Công-bài giảng số 1  Sư Phụ Lý Hồng Chí,https://www.youtube.com/watch?v=2sSNTkgpkUg, 真 善 忍 © Chân Thiện Nhẫn,6381.0,
/index.html?p=1677.html,"Luyện Công Tập Thể tại thành phố Vinh, Nghệ An",nghe an,https://media.dieukydieu.tv/videos/original/nghe-an.mp4,nghe an Pháp Luân Công,,1,Pháp Luân Công tại Nghệ an (11/2018),https://www.youtube.com/watch?v=rzb9pMEXZgE,Khai Mở,711.0,
/index.html?p=1677.html,"Luyện Công Tập Thể tại thành phố Vinh, Nghệ An",nghe an,https://media.dieukydieu.tv/videos/original/nghe-an.mp4,nghe an Pháp Luân Công,,2,Trải nghiệm của nghệ sĩ Trung Đức với Pháp Luân Công #phápluâncông #phapluancong #phapluandaiphap,https://www.youtube.com/watch?v=TSNMObmW7Yg,Bình Yên TV,164.0,
/index.html?p=1677.html,"Luyện Công Tập Thể tại thành phố Vinh, Nghệ An",nghe an,https://media.dieukydieu.tv/videos/original/nghe-an.mp4,nghe an Pháp Luân Công,,3,Người tập pháp luân công tại nghệ an,https://www.youtube.com/watch?v=KccM7SS0ZKI,Đệ Tử Đại Pháp,61.0,
/index.html?p=1686.html,"Sydney, Úc: Chào mừng ngày Pháp Luân Đại Pháp thế giới 13-05-2018",Sydney,https://media.dieukydieu.tv/videos/original/Sydney.mp4,"Sydney, Úc: Chào mừng ngày Pháp Luân Đại Pháp thế giới 13-05-2018",,1,"Sydney, Úc  Chào mừng ngày Pháp Luân Đại Pháp thế giới 13-05-2018",https://www.youtube.com/watch?v=ujaS4HVJqFw,Khoa học và Tu luyện,323.0,
/index.html?p=1686.html,"Sydney, Úc: Chào mừng ngày Pháp Luân Đại Pháp thế giới 13-05-2018",Sydney,https://media.dieukydieu.tv/videos/original/Sydney.mp4,"Sydney, Úc: Chào mừng ngày Pháp Luân Đại Pháp thế giới 13-05-2018",,2,2019🌸Học viên Pháp Luân Đại Pháp trên toàn thế giới chúc mừng năm mới tới Sư Phụ,https://www.youtube.com/watch?v=1zRHAjV7G1k,Ngọc Chân,172.0,
/index.html?p=1686.html,"Sydney, Úc: Chào mừng ngày Pháp Luân Đại Pháp thế giới 13-05-2018",Sydney,https://media.dieukydieu.tv/videos/original/Sydney.mp4,"Sydney, Úc: Chào mừng ngày Pháp Luân Đại Pháp thế giới 13-05-2018",,3,"Sydney, Úc: Chào mừng ngày Pháp Luân Đại Pháp thế giới 13-05-2018",https://www.youtube.com/watch?v=2U0lNBZYoHU,Trở Về Nhà,323.0,
/index.html?p=1690.html,Pháp Luân Công trên thế giới – Falun Dafa in the world,falun dafa in the word,https://media.dieukydieu.tv/videos/original/falun-dafa-in-the-word.mp4,falun dafa in the word Pháp Luân Công,,1,"Sydney, Úc: Chào mừng ngày Pháp Luân Đại Pháp thế giới 13-05-2018",https://www.youtube.com/watch?v=2U0lNBZYoHU,Trở Về Nhà,323.0,
/index.html?p=1690.html,Pháp Luân Công trên thế giới – Falun Dafa in the world,falun dafa in the word,https://media.dieukydieu.tv/videos/original/falun-dafa-in-the-word.mp4,falun dafa in the word Pháp Luân Công,,2,Falun Gong - A peaceful protest in London_13th May 2023.,https://www.youtube.com/watch?v=SNTfzaCuuCw,stephen sturgess,238.0,
/index.html?p=1690.html,Pháp Luân Công trên thế giới – Falun Dafa in the world,falun dafa in the word,https://media.dieukydieu.tv/videos/original/falun-dafa-in-the-word.mp4,falun dafa in the word Pháp Luân Công,,3,Pháp Luân Công phổ biến ở Đài Loan như thế nào?,https://www.youtube.com/watch?v=TXNqZqOPxYE,Kỷ Nguyên Mới,161.0,
/index.html?p=1693.html,Thế giới nói gì về Pháp Luân Công,the gioi noi gi ve phap luan cong,https://media.dieukydieu.tv/videos/original/the-gioi-noi-gi-ve-phap-luan-cong.mp4,the gioi noi gi ve phap luan cong,,1,Thế giới nói gì về Pháp Luân Công,https://www.youtube.com/watch?v=rr5kuRuy1tk,Jerome Nguyen,955.0,
/index.html?p=1693.html,Thế giới nói gì về Pháp Luân Công,the gioi noi gi ve phap luan cong,https://media.dieukydieu.tv/videos/original/the-gioi-noi-gi-ve-phap-luan-cong.mp4,the gioi noi gi ve phap luan cong,,2,người dân Thế giới nói về Pháp Luân Đại Pháp (Pháp Luân Công),https://www.youtube.com/watch?v=KkIW80Lm-us,Duy Đinh,805.0,
/index.html?p=1693.html,Thế giới nói gì về Pháp Luân Công,the gioi noi gi ve phap luan cong,https://media.dieukydieu.tv/videos/original/the-gioi-noi-gi-ve-phap-luan-cong.mp4,the gioi noi gi ve phap luan cong,,3,GIẢNG PHÁP TẠI PHÁP HỘI MỸ QUỐC | PHÁP LUÂN ĐẠI PHÁP,https://www.youtube.com/watch?v=falSXKHxR3c,HỒNG TRUYỀN ĐẠI PHÁP,13246.0,
/index.html?p=1700.html,Mẹ tôi tập Pháp Luân Công-những lợi ích tuyệt vời,me toi tap phap luan cong,https://media.dieukydieu.tv/videos/original/me-toi-tap-phap-luan-cong.mp4,me toi tap phap luan cong,,1,Công dân tuân thủ pháp luật tu luyện sức khỏe thân-tâm theo Pháp Luân Đại Pháp(Pháp Luân Công) (P.3),https://www.youtube.com/watch?v=ShmNei4AxwI,Mai Chung,128.0,
/index.html?p=1700.html,Mẹ tôi tập Pháp Luân Công-những lợi ích tuyệt vời,me toi tap phap luan cong,https://media.dieukydieu.tv/videos/original/me-toi-tap-phap-luan-cong.mp4,me toi tap phap luan cong,,2,phap luan cong tai bac can,https://www.youtube.com/watch?v=Fx2FsQ9SisI,Hiện tình Việt Nam,198.0,
/index.html?p=1700.html,Mẹ tôi tập Pháp Luân Công-những lợi ích tuyệt vời,me toi tap phap luan cong,https://media.dieukydieu.tv/videos/original/me-toi-tap-phap-luan-cong.mp4,me toi tap phap luan cong,,3,Mẹ tôi,https://www.youtube.com/watch?v=dxZFX1mnyTA,CÂU CHUYỆN TU LUYỆN,1396.0,
/index.html?p=1709.html,Pháp Luân Công dưới góc nhìn của những người làm trong ngành an ninh và quốc phòng,anninh 1,https://media.dieukydieu.tv/videos/original/anninh-1.mp4,anninh 1 Pháp Luân Công,,1,"Pháp Luân Công: Câu chuyện thú vị về cán bộ an ninh tìm hiểu Pháp Luân Công   Bác  Vũ Thị Ngắn, 75t",https://www.youtube.com/watch?v=14fbr4SWxoU,Khoa học và Tu luyện,386.0,
/index.html?p=1709.html,Pháp Luân Công dưới góc nhìn của những người làm trong ngành an ninh và quốc phòng,anninh 1,https://media.dieukydieu.tv/videos/original/anninh-1.mp4,anninh 1 Pháp Luân Công,,2,Pháp Luân Công-bài giảng số 1  Sư Phụ Lý Hồng Chí,https://www.youtube.com/watch?v=2sSNTkgpkUg, 真 善 忍 © Chân Thiện Nhẫn,6381.0,
/index.html?p=1709.html,Pháp Luân Công dưới góc nhìn của những người làm trong ngành an ninh và quốc phòng,anninh 1,https://media.dieukydieu.tv/videos/original/anninh-1.mp4,anninh 1 Pháp Luân Công,,3,Pháp Luân Công dưới góc nhìn của những người làm trong ngành an ninh và quốc phòng,https://www.youtube.com/watch?v=MAPckbac3Lw,Khoa học và Tu luyện,445.0,
/index.html?p=1730.html,Một cuộc diệt chủng lạnh đang diễn ra tại Trung Quốc,diet chung,https://media.dieukydieu.tv/videos/original/diet-chung.mp4,diet chung Pháp Luân Công,,1,Tóm tắt nhanh về Pháp Luân Công trong 5 phút,https://www.youtube.com/watch?v=rCEitbeDUH0,KIẾN THỨC THÚ VỊ Official,332.0,
/index.html?p=1730.html,Một cuộc diệt chủng lạnh đang diễn ra tại Trung Quốc,diet chung,https://media.dieukydieu.tv/videos/original/diet-chung.mp4,diet chung Pháp Luân Công,,2,Trung Quốc đàn áp Pháp Luân Công: Sự thật đang dần sáng tỏ - Nguyện Ước,https://www.youtube.com/watch?v=Un439IXK6Gs,Nguyện Ước,471.0,
/index.html?p=1730.html,Một cuộc diệt chủng lạnh đang diễn ra tại Trung Quốc,diet chung,https://media.dieukydieu.tv/videos/original/diet-chung.mp4,diet chung Pháp Luân Công,,3,Giang Trạch Dân bị kiện vì tội diệt chủng Pháp Luân Công,https://www.youtube.com/watch?v=wjvjv66HkxA,phongtamhoa,174.0,
/index.html?p=1748.html,Pháp Luân Đại Pháp – Lời giải cho cuộc sống,loi giai cuoc song,https://media.dieukydieu.tv/videos/original/loi-giai-cuoc-song.mp4,loi giai cuoc song Pháp Luân Công,,1,Pháp Luân Đại Pháp - Lời giải cho cuộc sống (thuyết minh),https://www.youtube.com/watch?v=nRRW9gn7G2M,Phản Bổn Quy Chân,677.0,
/index.html?p=1748.html,Pháp Luân Đại Pháp – Lời giải cho cuộc sống,loi giai cuoc song,https://media.dieukydieu.tv/videos/original/loi-giai-cuoc-song.mp4,loi giai cuoc song Pháp Luân Công,,2,Pháp Luân Công - Bài giảng công pháp số 7,https://www.youtube.com/watch?v=tyb4rYUNnEY,Ánh Sáng Pháp Luân,4182.0,
/index.html?p=1748.html,Pháp Luân Đại Pháp – Lời giải cho cuộc sống,loi giai cuoc song,https://media.dieukydieu.tv/videos/original/loi-giai-cuoc-song.mp4,loi giai cuoc song Pháp Luân Công,,3,Pháp Luân Đại Pháp   Lời giải cho cuộc sống,https://www.youtube.com/watch?v=JUXs6-nZ2Es,Vũ Trụ Nhân Sinh và Phật Pháp,678.0,
/index.html?p=1751.html,Tập Pháp Luân Công có hợp pháp tại Việt Nam? (Phần 1),tap phap luan cong co hop phap,https://media.dieukydieu.tv/videos/original/tap-phap-luan-cong-co-hop-phap.mp4,tap phap luan cong co hop phap,,1,Tập Pháp Luân Công Có Hợp Pháp tại Việt Nam ? | Phần I,https://www.youtube.com/watch?v=iHnWDLwMOsA,Chân Tướng,712.0,
/index.html?p=1751.html,Tập Pháp Luân Công có hợp pháp tại Việt Nam? (Phần 1),tap phap luan cong co hop phap,https://media.dieukydieu.tv/videos/original/tap-phap-luan-cong-co-hop-phap.mp4,tap phap luan cong co hop phap,,2,Tóm tắt nhanh về Pháp Luân Công trong 5 phút,https://www.youtube.com/watch?v=rCEitbeDUH0,KIẾN THỨC THÚ VỊ Official,332.0,
/index.html?p=1751.html,Tập Pháp Luân Công có hợp pháp tại Việt Nam? (Phần 1),tap phap luan cong co hop phap,https://media.dieukydieu.tv/videos/original/tap-phap-luan-cong-co-hop-phap.mp4,tap phap luan cong co hop phap,,3,Pháp Luân Công 5 Bài Tập Luyện Hàng Ngày Nâng Cao Sức Khỏe,https://www.youtube.com/watch?v=uDCEq4DrsPM,Duong Le,2754.0,
/index.html?p=1754.html,Tập Pháp Luân Công Có Hợp Pháp tại Việt Nam ? | Phần II,tap phap luan cong co hop phap 2,https://media.dieukydieu.tv/videos/original/tap-phap-luan-cong-co-hop-phap-2.mp4,tap phap luan cong co hop phap 2,,1,Tập Pháp Luân Công Có Hợp Pháp tại Việt Nam ? | Phần II,https://www.youtube.com/watch?v=LsDr4bw4M60,Chân Tướng,877.0,
/index.html?p=1754.html,Tập Pháp Luân Công Có Hợp Pháp tại Việt Nam ? | Phần II,tap phap luan cong co hop phap 2,https://media.dieukydieu.tv/videos/original/tap-phap-luan-cong-co-hop-phap-2.mp4,tap phap luan cong co hop phap 2,,2,Bài 4 Pháp luân công- Pháp luân châu thiên pháp,https://www.youtube.com/watch?v=c2vhd2gACgE,Ươm mầm ước mơ ,262.0,
/index.html?p=1754.html,Tập Pháp Luân Công Có Hợp Pháp tại Việt Nam ? | Phần II,tap phap luan cong co hop phap 2,https://media.dieukydieu.tv/videos/original/tap-phap-luan-cong-co-hop-phap-2.mp4,tap phap luan cong co hop phap 2,,3,Pháp Luân Công 5 Bài Tập Luyện Hàng Ngày Nâng Cao Sức Khỏe,https://www.youtube.com/watch?v=uDCEq4DrsPM,Duong Le,2754.0,
/index.html?p=1765.html,Ca sĩ – NSND Trung Đức trải nghiệm về Pháp Luân Công,NSND trung duc,https://media.dieukydieu.tv/videos/original/NSND-trung-duc.mp4,NSND trung duc Pháp Luân Công,,1,"Ca sỹ, NSND Trung Đức Chia Sẻ Về Pháp Luân Công",https://www.youtube.com/watch?v=7D3zxlmUgug,Về Nhà,171.0,
/index.html?p=1765.html,Ca sĩ – NSND Trung Đức trải nghiệm về Pháp Luân Công,NSND trung duc,https://media.dieukydieu.tv/videos/original/NSND-trung-duc.mp4,NSND trung duc Pháp Luân Công,,2,Nghệ sĩ Trung Đức chia sẻ về Pháp Luân Công,https://www.youtube.com/watch?v=FPW4o4wO258,Chân - Thiện - Nhẫn ,163.0,
/index.html?p=1765.html,Ca sĩ – NSND Trung Đức trải nghiệm về Pháp Luân Công,NSND trung duc,https://media.dieukydieu.tv/videos/original/NSND-trung-duc.mp4,NSND trung duc Pháp Luân Công,,3,Ca sĩ - NSND Trung Đức trải nghiệm về Pháp Luân Công.,https://www.youtube.com/watch?v=uFOyBcp9sKo,Dafa Great,164.0,
/index.html?p=1771.html,Nghệ sĩ múa Lê Vi : Tôi may mắn khi tìm thấy ánh sáng chân lý của cuộc đời,le vy,https://media.dieukydieu.tv/videos/original/le-vy.mp4,Nghệ sĩ múa Lê Vi : Tôi may mắn khi tìm thấy ánh sáng chân lý của cuộc đời Pháp Luân Công,,1,Nghệ sĩ múa Lê Vi: Tôi may mắn khi tìm thấy ánh sáng chân lý của cuộc đời.,https://www.youtube.com/watch?v=iShjqy8jmgY,Hỗ Trợ và Chia Sẻ học Pháp Luân Công,355.0,
/index.html?p=1771.html,Nghệ sĩ múa Lê Vi : Tôi may mắn khi tìm thấy ánh sáng chân lý của cuộc đời,le vy,https://media.dieukydieu.tv/videos/original/le-vy.mp4,Nghệ sĩ múa Lê Vi : Tôi may mắn khi tìm thấy ánh sáng chân lý của cuộc đời Pháp Luân Công,,2,Tôi Tu Luyện PHÁP LUÂN CÔNG - Chia sẻ của nghệ sỹ múa Lê Vi. @CloudflyVeNha,https://www.youtube.com/watch?v=-2W3M5QwHXg,Clouds Fly VỀ NHÀ ,109.0,
/index.html?p=1771.html,Nghệ sĩ múa Lê Vi : Tôi may mắn khi tìm thấy ánh sáng chân lý của cuộc đời,le vy,https://media.dieukydieu.tv/videos/original/le-vy.mp4,Nghệ sĩ múa Lê Vi : Tôi may mắn khi tìm thấy ánh sáng chân lý của cuộc đời Pháp Luân Công,,3,"Ảnh hậu xuyên thành phi xấu, phải đẻ hoàng tử mới về, bất ngờ có hệ làm đẹp, làm chủ hậu cung!",https://www.youtube.com/watch?v=_3eb25oCHag,Nhà hát Hoa rơi,11381.0,
/index.html?p=1793.html,Phóng sự: Pháp Luân Công tại Cần Thơ,can tho,https://media.dieukydieu.tv/videos/original/can-tho.mp4,can tho Pháp Luân Công,,1,Phóng sự: Pháp Luân Công tại Cần Thơ,https://www.youtube.com/watch?v=1tNN8lIYFUo,Info Falun Dafa,489.0,
/index.html?p=1793.html,Phóng sự: Pháp Luân Công tại Cần Thơ,can tho,https://media.dieukydieu.tv/videos/original/can-tho.mp4,can tho Pháp Luân Công,,2,Học viên Pháp Luân Công với vấn đề thờ cúng tổ tiên và chữa bệnh,https://www.youtube.com/watch?v=cUPXV6dO9BM,Dafa Great,359.0,
/index.html?p=1793.html,Phóng sự: Pháp Luân Công tại Cần Thơ,can tho,https://media.dieukydieu.tv/videos/original/can-tho.mp4,can tho Pháp Luân Công,,3,Pháp Luân Công - 5 Bài tập hoàn chỉnh 60 phút,https://www.youtube.com/watch?v=a_Xx1PN2nnY,Art & Life Media VN,3602.0,
/index.html?p=2104.html,Khúc Hát Nhớ Con,khc hat nho con,https://media.dieukydieu.tv/videos/original/khc-hat-nho-con.mp4,khc hat nho con Pháp Luân Công,,1,Khúc hát nhớ con (Của người mẹ trong tù gửi con gái yêu),https://www.youtube.com/watch?v=QYDz5bWX6AE,Bách Thông,704.0,
/index.html?p=2104.html,Khúc Hát Nhớ Con,khc hat nho con,https://media.dieukydieu.tv/videos/original/khc-hat-nho-con.mp4,khc hat nho con Pháp Luân Công,,2,5 Ca khúc hay về Pháp Luân Đại Pháp do Đệ Tử sáng tác,https://www.youtube.com/watch?v=GXNgnmb6oKQ,A121STUDIO,1310.0,
/index.html?p=2104.html,Khúc Hát Nhớ Con,khc hat nho con,https://media.dieukydieu.tv/videos/original/khc-hat-nho-con.mp4,khc hat nho con Pháp Luân Công,,3,Khúc Hát Nhớ Con (Lời Việt)| Tội Ác Của ĐCSTQ | Bình Yên TV,https://www.youtube.com/watch?v=WiV-zclqoEc,Bình Yên TV,339.0,
/index.html?p=3706.html,Pháp Luân Công tại Kiên Giang,Clip PLC tại Kiên Giang 2,https://media.dieukydieu.tv/videos/original/Clip-PLC-ta%CC%A3i-Kie%CC%82n-Giang-2.mp4,Clip PLC tại Kiên Giang 2 Pháp Luân Công,,1,Pháp Luân Công - Bài giảng công pháp số 2,https://www.youtube.com/watch?v=GViwMYV_5sM,Ánh Sáng Pháp Luân,5683.0,
/index.html?p=3706.html,Pháp Luân Công tại Kiên Giang,Clip PLC tại Kiên Giang 2,https://media.dieukydieu.tv/videos/original/Clip-PLC-ta%CC%A3i-Kie%CC%82n-Giang-2.mp4,Clip PLC tại Kiên Giang 2 Pháp Luân Công,,2,Kiên Giang: Pháp Luân Đại Pháp tại Kiên Giang.,https://www.youtube.com/watch?v=DhNhhHwGm0I,Dafa Great,433.0,
/index.html?p=3706.html,Pháp Luân Công tại Kiên Giang,Clip PLC tại Kiên Giang 2,https://media.dieukydieu.tv/videos/original/Clip-PLC-ta%CC%A3i-Kie%CC%82n-Giang-2.mp4,Clip PLC tại Kiên Giang 2 Pháp Luân Công,,3,PLC - Chuyển pháp luân Pháp Giải - Giảng Pháp Diên Cát 2  - Hỗ trợ cho người khiếm thj,https://www.youtube.com/watch?v=dlMRHgJNBww,Tùy kỳ hữu duyên,1373.0,
/index.html?p=3735.html,Ngạo tuyết xuân mai,ngao tuyet xuan mai,https://media.dieukydieu.tv/videos/original/ngao-tuyet-xuan-mai.mp4,ngao tuyet xuan mai Pháp Luân Công,,1,Ngạo Tuyết Xuân Mai (Hòa Tấu) | 1 hour | 432 Hz | Thiên Âm Nhã Nhạc - Số 08,https://www.youtube.com/watch?v=fCjZBwqsu9g,Chánh Kiến Việt Ngữ,3512.0,
/index.html?p=3735.html,Ngạo tuyết xuân mai,ngao tuyet xuan mai,https://media.dieukydieu.tv/videos/original/ngao-tuyet-xuan-mai.mp4,ngao tuyet xuan mai Pháp Luân Công,,2,MV: NGẠO TUYẾT XUÂN MAI (Song tấu: Sáo và đàn cổ tranh),https://www.youtube.com/watch?v=VBpd1K77Sp4,Bách Thông,460.0,
/index.html?p=3735.html,Ngạo tuyết xuân mai,ngao tuyet xuan mai,https://media.dieukydieu.tv/videos/original/ngao-tuyet-xuan-mai.mp4,ngao tuyet xuan mai Pháp Luân Công,,3,Ngạo tuyết xuân mai,https://www.youtube.com/watch?v=p-Km4DYjBX0,Giá Trị Ẩn,437.0,
/index.html?p=3744.html,Vè lời sấm,loi sam,https://media.dieukydieu.tv/videos/original/loi-sam.mp4,loi sam Pháp Luân Công,,1,Pháp Luân Công-bài giảng số 4  Sư Phụ Lý Hồng Chí,https://www.youtube.com/watch?v=b2q9Giiozz0, 真 善 忍 © Chân Thiện Nhẫn,5109.0,
/index.html?p=3744.html,Vè lời sấm,loi sam,https://media.dieukydieu.tv/videos/original/loi-sam.mp4,loi sam Pháp Luân Công,,2,LỜI KHẤN NGUYỆN HÀNG NGÀY_GIÚP TÂM TỪ TĂNG TRƯỞNG_TIÊU TRỪ NGHIỆP DỮ,https://www.youtube.com/watch?v=XwkXVYJAHho,Đức Phật Trong Tôi,3526.0,
/index.html?p=3744.html,Vè lời sấm,loi sam,https://media.dieukydieu.tv/videos/original/loi-sam.mp4,loi sam Pháp Luân Công,,3,KỆ TỪ BI SÁM HỐI_SỬA ĐỔI BẢN THÂN_TIÊU TRỪ NGHIỆP DỮ,https://www.youtube.com/watch?v=GLbBbDgvAa0,Đức Phật Trong Tôi,9864.0,
/index.html?p=3747.html,Vè kính thần,kính Thần 2,https://media.dieukydieu.tv/videos/original/ki%CC%81nh-Tha%CC%82%CC%80n-2.mp4,kính Thần 2 Pháp Luân Công,,1,Pháp Luân Công-bài giảng số 2  Sư Phụ Lý Hồng Chí,https://www.youtube.com/watch?v=iMSW1f0LCLo, 真 善 忍 © Chân Thiện Nhẫn,5599.0,
/index.html?p=3747.html,Vè kính thần,kính Thần 2,https://media.dieukydieu.tv/videos/original/ki%CC%81nh-Tha%CC%82%CC%80n-2.mp4,kính Thần 2 Pháp Luân Công,,2,Hết bệnh đau thần kinh tọa nhờ tập Pháp Luân Công #phapluancong #nguyenuoc @NguyenUoc,https://www.youtube.com/watch?v=gnZzAaK4ckE,Nguyện Ước,595.0,
/index.html?p=3747.html,Vè kính thần,kính Thần 2,https://media.dieukydieu.tv/videos/original/ki%CC%81nh-Tha%CC%82%CC%80n-2.mp4,kính Thần 2 Pháp Luân Công,,3,Vè dân gian: Kính Thần,https://www.youtube.com/watch?v=87cr9L8WVeg,Bách Thông,248.0,
/index.html?p=3760.html,Mau tỉnh lại,mau tinh lai,https://media.dieukydieu.tv/videos/original/mau-tinh-lai.mp4,mau tinh lai Pháp Luân Công,,1,Trung Quốc đàn áp Pháp Luân Công: Sự thật đang dần sáng tỏ - Nguyện Ước,https://www.youtube.com/watch?v=Un439IXK6Gs,Nguyện Ước,471.0,
/index.html?p=3760.html,Mau tỉnh lại,mau tinh lai,https://media.dieukydieu.tv/videos/original/mau-tinh-lai.mp4,mau tinh lai Pháp Luân Công,,2,AN NINH THÁI NGUYÊN CẢNH BÁO VỀ PHÁP LUÂN CÔNG,https://www.youtube.com/watch?v=xscYS3vshRU,BÓC PHỐT PHÁP LUÂN CÔNG,455.0,
/index.html?p=3760.html,Mau tỉnh lại,mau tinh lai,https://media.dieukydieu.tv/videos/original/mau-tinh-lai.mp4,mau tinh lai Pháp Luân Công,,3,Tập mẫu 5 Bài công pháp. Pháp luân công Sư phụ Lý Hồng Chí.,https://www.youtube.com/watch?v=F46hVXYGlZg,Chuyển Pháp Luân ,1251.0,
/index.html?p=3772.html,Thầy thuốc nhân dân Trần Đình Chiến lý giải nguyên nhân vì sao tập khí công có thể chữa khỏi bệnh,thay thuoc tran dinh chien,https://media.dieukydieu.tv/videos/original/thay-thuoc-tran-dinh-chien.mp4,thay thuoc tran dinh chien Pháp Luân Công,,1,PGS.TS. Thầy thuốc Nhân dân Trần Đình Chiến – Nguyên Trưởng khoa Chấn thương chỉnh,https://www.youtube.com/watch?v=wUCc6-PEV8Y,Chân Tướng ,373.0,
/index.html?p=3772.html,Thầy thuốc nhân dân Trần Đình Chiến lý giải nguyên nhân vì sao tập khí công có thể chữa khỏi bệnh,thay thuoc tran dinh chien,https://media.dieukydieu.tv/videos/original/thay-thuoc-tran-dinh-chien.mp4,thay thuoc tran dinh chien Pháp Luân Công,,2,Pháp Luân Công: Chia sẻ của anh Trần Đình Trình ở Quảng Xương thoát khỏi ung thư giai đoạn cuối.,https://www.youtube.com/watch?v=O1JtVlvcla4,Khoa học và Tu luyện,161.0,
/index.html?p=3772.html,Thầy thuốc nhân dân Trần Đình Chiến lý giải nguyên nhân vì sao tập khí công có thể chữa khỏi bệnh,thay thuoc tran dinh chien,https://media.dieukydieu.tv/videos/original/thay-thuoc-tran-dinh-chien.mp4,thay thuoc tran dinh chien Pháp Luân Công,,3,"Pháp Luân Công là môn tu luyện, không chỉ là chữa bệnh khỏe người - Nguyện Ước",https://www.youtube.com/watch?v=oltKgJhzD8Q,Nguyện Ước,649.0,
/index.html?p=3779.html,Pháp Luân Công- Những bức ảnh lịch sử,Nhung hinh anh lich su,https://media.dieukydieu.tv/videos/original/Nhung-hinh-anh-lich-su.mp4,Nhung hinh anh lich su Pháp Luân Công,,1,Pháp Luân Công - Những bức ảnh lịch sử,https://www.youtube.com/watch?v=kd4DYcl75hk,Dafa Great,548.0,
/index.html?p=3779.html,Pháp Luân Công- Những bức ảnh lịch sử,Nhung hinh anh lich su,https://media.dieukydieu.tv/videos/original/Nhung-hinh-anh-lich-su.mp4,Nhung hinh anh lich su Pháp Luân Công,,2,PHÁP LUÂN CÔNG VÀ HÀNH TRÌNH TRỞ NÊN ĐỐI NGHỊCH VỚI CHÍNH PHỦ TRUNG QUỐC,https://www.youtube.com/watch?v=NRnvgvhMDhU,BATTLECRY - LỊCH SỬ THẾ GIỚI,1324.0,
/index.html?p=3779.html,Pháp Luân Công- Những bức ảnh lịch sử,Nhung hinh anh lich su,https://media.dieukydieu.tv/videos/original/Nhung-hinh-anh-lich-su.mp4,Nhung hinh anh lich su Pháp Luân Công,,3,"Pháp Luân Công - Lịch sử hình thành, phát triển và cuộc đàn áp tại Trung Quốc",https://www.youtube.com/watch?v=ORDEZsUVp9E,THỨC TỈNH,774.0,
/index.html?p=3827.html,Pháp Luân Công- Tin thật và tin giả,Pháp luân công 5. Sự hồi sinh kỳ diệu của TS.BS . Lê Thị Thanh Thái,https://media.dieukydieu.tv/videos/original/Ph%C3%A1p-lu%C3%A2n-c%C3%B4ng_-5.-S%E1%BB%B1-h%E1%BB%93i-sinh-k%E1%BB%B3-di%E1%BB%87u-c%E1%BB%A7a-TS.BS_.-L%C3%AA-Th%E1%BB%8B-Thanh-Th%C3%A1i.mp4,Pháp luân công 5. Sự hồi sinh kỳ diệu của TS.BS . Lê Thị Thanh Thái,,1,Sự hồi sinh kỳ diệu của TS.BS. Lê Thị Thanh Thái nhờ tu luyện Pháp Luân Công. Nguồn NTDVN Tin Tức,https://www.youtube.com/watch?v=lsWE8n-ANzM,HoaVu,330.0,
/index.html?p=3827.html,Pháp Luân Công- Tin thật và tin giả,Pháp luân công 5. Sự hồi sinh kỳ diệu của TS.BS . Lê Thị Thanh Thái,https://media.dieukydieu.tv/videos/original/Ph%C3%A1p-lu%C3%A2n-c%C3%B4ng_-5.-S%E1%BB%B1-h%E1%BB%93i-sinh-k%E1%BB%B3-di%E1%BB%87u-c%E1%BB%A7a-TS.BS_.-L%C3%AA-Th%E1%BB%8B-Thanh-Th%C3%A1i.mp4,Pháp luân công 5. Sự hồi sinh kỳ diệu của TS.BS . Lê Thị Thanh Thái,,2,"Bác sĩ, tiến sĩ Lê Thị Thành Thái. Chia sẻ về cảm nhận khi tu luyện pháp luân công",https://www.youtube.com/watch?v=lH3AP2uyAbI,Người Tu Luyện pháp Luân công,214.0,
/index.html?p=3827.html,Pháp Luân Công- Tin thật và tin giả,Pháp luân công 5. Sự hồi sinh kỳ diệu của TS.BS . Lê Thị Thanh Thái,https://media.dieukydieu.tv/videos/original/Ph%C3%A1p-lu%C3%A2n-c%C3%B4ng_-5.-S%E1%BB%B1-h%E1%BB%93i-sinh-k%E1%BB%B3-di%E1%BB%87u-c%E1%BB%A7a-TS.BS_.-L%C3%AA-Th%E1%BB%8B-Thanh-Th%C3%A1i.mp4,Pháp luân công 5. Sự hồi sinh kỳ diệu của TS.BS . Lê Thị Thanh Thái,,3,BÁC SĨ ƠI TẠI SAO 2021 | Dấu hiệu nhận biết sớm của bệnh trĩ | BSOTS - TẬP 24 FULL | 6/11/2021,https://www.youtube.com/watch?v=LUZnxEKuIs4,HTV Entertainment,733.0,
/index.html?p=3827.html,Pháp Luân Công- Tin thật và tin giả,THIẾU TƯỚNG NGUYÊN TỔNG BIÊN TẬP BÁO QUÂN ĐỘI NÓI GÌ VỀ PHÁP LUÂN CÔNG— Đại Kỷ Nguyên,https://media.dieukydieu.tv/videos/original/THI%E1%BA%BEU-T%C6%AF%E1%BB%9ANG-NGUY%C3%8AN-T%E1%BB%94NG-BI%C3%8AN-T%E1%BA%ACP-B%C3%81O-QU%C3%82N-%C4%90%E1%BB%98I-N%C3%93I-G%C3%8C-V%E1%BB%80-PH%C3%81P-LU%C3%82N-C%C3%94NG%E2%80%94-%C4%90%E1%BA%A1i-K%E1%BB%B7-Nguy%C3%AAn.mp4,THIẾU TƯỚNG NGUYÊN TỔNG BIÊN TẬP BÁO QUÂN ĐỘI NÓI GÌ VỀ PHÁP LUÂN CÔNG— Đại Kỷ Nguyên,,1,thiếu tướng nguyên tổng biên tập báo QDNN chia sẻ về Pháp Luân Công,https://www.youtube.com/watch?v=ADci5M9BmMY,Thuỷ là Nước ,10759.0,
/index.html?p=3827.html,Pháp Luân Công- Tin thật và tin giả,THIẾU TƯỚNG NGUYÊN TỔNG BIÊN TẬP BÁO QUÂN ĐỘI NÓI GÌ VỀ PHÁP LUÂN CÔNG— Đại Kỷ Nguyên,https://media.dieukydieu.tv/videos/original/THI%E1%BA%BEU-T%C6%AF%E1%BB%9ANG-NGUY%C3%8AN-T%E1%BB%94NG-BI%C3%8AN-T%E1%BA%ACP-B%C3%81O-QU%C3%82N-%C4%90%E1%BB%98I-N%C3%93I-G%C3%8C-V%E1%BB%80-PH%C3%81P-LU%C3%82N-C%C3%94NG%E2%80%94-%C4%90%E1%BA%A1i-K%E1%BB%B7-Nguy%C3%AAn.mp4,THIẾU TƯỚNG NGUYÊN TỔNG BIÊN TẬP BÁO QUÂN ĐỘI NÓI GÌ VỀ PHÁP LUÂN CÔNG— Đại Kỷ Nguyên,,2,Thiếu tướng Quân đội vượt cửa tử nhờ học Pháp Luân Công.,https://www.youtube.com/watch?v=oAnHC0iotNU,Kỷ Nguyên Mới,313.0,
/index.html?p=3827.html,Pháp Luân Công- Tin thật và tin giả,THIẾU TƯỚNG NGUYÊN TỔNG BIÊN TẬP BÁO QUÂN ĐỘI NÓI GÌ VỀ PHÁP LUÂN CÔNG— Đại Kỷ Nguyên,https://media.dieukydieu.tv/videos/original/THI%E1%BA%BEU-T%C6%AF%E1%BB%9ANG-NGUY%C3%8AN-T%E1%BB%94NG-BI%C3%8AN-T%E1%BA%ACP-B%C3%81O-QU%C3%82N-%C4%90%E1%BB%98I-N%C3%93I-G%C3%8C-V%E1%BB%80-PH%C3%81P-LU%C3%82N-C%C3%94NG%E2%80%94-%C4%90%E1%BA%A1i-K%E1%BB%B7-Nguy%C3%AAn.mp4,THIẾU TƯỚNG NGUYÊN TỔNG BIÊN TẬP BÁO QUÂN ĐỘI NÓI GÌ VỀ PHÁP LUÂN CÔNG— Đại Kỷ Nguyên,,3,"Giải đáp, chia sẻ những câu hỏi lớn về Pháp Luân Công | Tân Kỷ Nguyên",https://www.youtube.com/watch?v=f6rSoSPemNM,Tân Kỷ Nguyên,346.0,
/index.html?p=3827.html,Pháp Luân Công- Tin thật và tin giả,Nghệ sĩ múa Lê Vi Tôi may mắn khi tìm thấy ánh sáng chân lý của cuộc đời,https://media.dieukydieu.tv/videos/original/Ngh%E1%BB%87-s%C4%A9-m%C3%BAa-L%C3%AA-Vi-_-T%C3%B4i-may-m%E1%BA%AFn-khi-t%C3%ACm-th%E1%BA%A5y-%C3%A1nh-s%C3%A1ng-ch%C3%A2n-l%C3%BD-c%E1%BB%A7a-cu%E1%BB%99c-%C4%91%E1%BB%9Di.mp4,Nghệ sĩ múa Lê Vi Tôi may mắn khi tìm thấy ánh sáng chân lý của cuộc đời Pháp Luân Công,,1,Nghệ sĩ múa Lê Vi: Tôi may mắn khi tìm thấy ánh sáng chân lý của cuộc đời.,https://www.youtube.com/watch?v=iShjqy8jmgY,Hỗ Trợ và Chia Sẻ học Pháp Luân Công,355.0,
/index.html?p=3827.html,Pháp Luân Công- Tin thật và tin giả,Nghệ sĩ múa Lê Vi Tôi may mắn khi tìm thấy ánh sáng chân lý của cuộc đời,https://media.dieukydieu.tv/videos/original/Ngh%E1%BB%87-s%C4%A9-m%C3%BAa-L%C3%AA-Vi-_-T%C3%B4i-may-m%E1%BA%AFn-khi-t%C3%ACm-th%E1%BA%A5y-%C3%A1nh-s%C3%A1ng-ch%C3%A2n-l%C3%BD-c%E1%BB%A7a-cu%E1%BB%99c-%C4%91%E1%BB%9Di.mp4,Nghệ sĩ múa Lê Vi Tôi may mắn khi tìm thấy ánh sáng chân lý của cuộc đời Pháp Luân Công,,2,Tôi Tu Luyện PHÁP LUÂN CÔNG - Chia sẻ của nghệ sỹ múa Lê Vi. @CloudflyVeNha,https://www.youtube.com/watch?v=-2W3M5QwHXg,Clouds Fly VỀ NHÀ ,109.0,
/index.html?p=3827.html,Pháp Luân Công- Tin thật và tin giả,Nghệ sĩ múa Lê Vi Tôi may mắn khi tìm thấy ánh sáng chân lý của cuộc đời,https://media.dieukydieu.tv/videos/original/Ngh%E1%BB%87-s%C4%A9-m%C3%BAa-L%C3%AA-Vi-_-T%C3%B4i-may-m%E1%BA%AFn-khi-t%C3%ACm-th%E1%BA%A5y-%C3%A1nh-s%C3%A1ng-ch%C3%A2n-l%C3%BD-c%E1%BB%A7a-cu%E1%BB%99c-%C4%91%E1%BB%9Di.mp4,Nghệ sĩ múa Lê Vi Tôi may mắn khi tìm thấy ánh sáng chân lý của cuộc đời Pháp Luân Công,,3,"Ảnh hậu xuyên thành phi xấu, phải đẻ hoàng tử mới về, bất ngờ có hệ làm đẹp, làm chủ hậu cung!",https://www.youtube.com/watch?v=_3eb25oCHag,Nhà hát Hoa rơi,11381.0,
/index.html?p=3827.html,Pháp Luân Công- Tin thật và tin giả,Thầy thuốc nhân dân Trần Đình Chiến lý giải nguyên nhân vì sao tập khí công có thể chữa khỏi bệnh.,https://media.dieukydieu.tv/videos/original/Th%E1%BA%A7y-thu%E1%BB%91c-nh%C3%A2n-d%C3%A2n-Tr%E1%BA%A7n-%C4%90%C3%ACnh-Chi%E1%BA%BFn-l%C3%BD-gi%E1%BA%A3i-nguy%C3%AAn-nh%C3%A2n-v%C3%AC-sao-t%E1%BA%ADp-kh%C3%AD-c%C3%B4ng-c%C3%B3-th%E1%BB%83-ch%E1%BB%AFa-kh%E1%BB%8Fi-b%E1%BB%87nh..mp4,Thầy thuốc nhân dân Trần Đình Chiến lý giải nguyên nhân vì sao tập khí công có thể chữa khỏi bệnh. Pháp Luân Công,,1,Thầy thuốc nhân dân Trần Đình Chiến lý giải nguyên nhân vì sao tập khí công có thể chữa khỏi bệnh,https://www.youtube.com/watch?v=Vrzq8RIcarY,Kỷ Nguyên Mới,374.0,
/index.html?p=3827.html,Pháp Luân Công- Tin thật và tin giả,Thầy thuốc nhân dân Trần Đình Chiến lý giải nguyên nhân vì sao tập khí công có thể chữa khỏi bệnh.,https://media.dieukydieu.tv/videos/original/Th%E1%BA%A7y-thu%E1%BB%91c-nh%C3%A2n-d%C3%A2n-Tr%E1%BA%A7n-%C4%90%C3%ACnh-Chi%E1%BA%BFn-l%C3%BD-gi%E1%BA%A3i-nguy%C3%AAn-nh%C3%A2n-v%C3%AC-sao-t%E1%BA%ADp-kh%C3%AD-c%C3%B4ng-c%C3%B3-th%E1%BB%83-ch%E1%BB%AFa-kh%E1%BB%8Fi-b%E1%BB%87nh..mp4,Thầy thuốc nhân dân Trần Đình Chiến lý giải nguyên nhân vì sao tập khí công có thể chữa khỏi bệnh. Pháp Luân Công,,2,Tóm tắt nhanh về Pháp Luân Công trong 5 phút,https://www.youtube.com/watch?v=rCEitbeDUH0,KIẾN THỨC THÚ VỊ Official,332.0,
/index.html?p=3827.html,Pháp Luân Công- Tin thật và tin giả,Thầy thuốc nhân dân Trần Đình Chiến lý giải nguyên nhân vì sao tập khí công có thể chữa khỏi bệnh.,https://media.dieukydieu.tv/videos/original/Th%E1%BA%A7y-thu%E1%BB%91c-nh%C3%A2n-d%C3%A2n-Tr%E1%BA%A7n-%C4%90%C3%ACnh-Chi%E1%BA%BFn-l%C3%BD-gi%E1%BA%A3i-nguy%C3%AAn-nh%C3%A2n-v%C3%AC-sao-t%E1%BA%ADp-kh%C3%AD-c%C3%B4ng-c%C3%B3-th%E1%BB%83-ch%E1%BB%AFa-kh%E1%BB%8Fi-b%E1%BB%87nh..mp4,Thầy thuốc nhân dân Trần Đình Chiến lý giải nguyên nhân vì sao tập khí công có thể chữa khỏi bệnh. Pháp Luân Công,,3,易筋經 ·  Shao Lin Yi Jin Jing (Muscle Tendon Change Classic) Qi Gong,https://www.youtube.com/watch?v=OjByU639CKI,Thầy Phúc Thành Khí Công,1127.0,
/index.html?p=3827.html,Pháp Luân Công- Tin thật và tin giả,Pháp Luân Công HÀNH TRÌNH NGƯỜI CHA CHỮA BỆNH SUY GIẢM TIỂU CẦU VÔ CĂN CHO CON GÁI,https://media.dieukydieu.tv/videos/original/Ph%C3%A1p-Lu%C3%A2n-C%C3%B4ng_-H%C3%80NH-TR%C3%8CNH-NG%C6%AF%E1%BB%9CI-CHA-CH%E1%BB%AEA-B%E1%BB%86NH-SUY-GI%E1%BA%A2M-TI%E1%BB%82U-C%E1%BA%A6U-V%C3%94-C%C4%82N-CHO-CON-G%C3%81I.mp4,Pháp Luân Công HÀNH TRÌNH NGƯỜI CHA CHỮA BỆNH SUY GIẢM TIỂU CẦU VÔ CĂN CHO CON GÁI,,1,Pháp Luân Công: HÀNH TRÌNH NGƯỜI CHA CHỮA BỆNH SUY GIẢM TIỂU CẦU VÔ CĂN CHO CON GÁI,https://www.youtube.com/watch?v=6MIlUIKHgTw,Dafa Great,549.0,
/index.html?p=3827.html,Pháp Luân Công- Tin thật và tin giả,Pháp Luân Công HÀNH TRÌNH NGƯỜI CHA CHỮA BỆNH SUY GIẢM TIỂU CẦU VÔ CĂN CHO CON GÁI,https://media.dieukydieu.tv/videos/original/Ph%C3%A1p-Lu%C3%A2n-C%C3%B4ng_-H%C3%80NH-TR%C3%8CNH-NG%C6%AF%E1%BB%9CI-CHA-CH%E1%BB%AEA-B%E1%BB%86NH-SUY-GI%E1%BA%A2M-TI%E1%BB%82U-C%E1%BA%A6U-V%C3%94-C%C4%82N-CHO-CON-G%C3%81I.mp4,Pháp Luân Công HÀNH TRÌNH NGƯỜI CHA CHỮA BỆNH SUY GIẢM TIỂU CẦU VÔ CĂN CHO CON GÁI,,2,Sự Thật Pháp Luân Công Chia Sẻ Của 1 Người Cha Hết Mực Yêu Thương Con Gái,https://www.youtube.com/watch?v=-WxWSVCdK1g,Sự Thật Pháp Luân Công,629.0,
/index.html?p=3827.html,Pháp Luân Công- Tin thật và tin giả,Pháp Luân Công HÀNH TRÌNH NGƯỜI CHA CHỮA BỆNH SUY GIẢM TIỂU CẦU VÔ CĂN CHO CON GÁI,https://media.dieukydieu.tv/videos/original/Ph%C3%A1p-Lu%C3%A2n-C%C3%B4ng_-H%C3%80NH-TR%C3%8CNH-NG%C6%AF%E1%BB%9CI-CHA-CH%E1%BB%AEA-B%E1%BB%86NH-SUY-GI%E1%BA%A2M-TI%E1%BB%82U-C%E1%BA%A6U-V%C3%94-C%C4%82N-CHO-CON-G%C3%81I.mp4,Pháp Luân Công HÀNH TRÌNH NGƯỜI CHA CHỮA BỆNH SUY GIẢM TIỂU CẦU VÔ CĂN CHO CON GÁI,,3,"""BÀ CỤ NON 6 TUỔI"" khiến cả trường quay ĐIÊU ĐỨNG vì hát Bolero bằng ""3 NGÔN NGỮ"" cực ĐỈNH CAO",https://www.youtube.com/watch?v=GcFr9OiGnxA,Kho Nhạc Bolero Trên THVL,9730.0,
/index.html?p=3827.html,Pháp Luân Công- Tin thật và tin giả,10000000 871237217011989 502832505009499481 n,https://media.dieukydieu.tv/videos/original/10000000_871237217011989_502832505009499481_n.mp4,10000000 871237217011989 502832505009499481 n Pháp Luân Công,,,,,,,no results
/index.html?p=3827.html,Pháp Luân Công- Tin thật và tin giả,10000000 871237217011989 502832505009499481 n,https://media.dieukydieu.tv/videos/original/10000000_871237217011989_502832505009499481_n.mp4,10000000 871237217011989 502832505009499481 n Pháp Luân Công,,,,,,,no results
/index.html?p=3985.html,PHÁP LUÂN CÔNG VÀ NHỮNG ĐIỀU ÍT BIẾT VỀ NGÀY PHÁP LUÂN ĐẠI PHÁP THẾ GIỚI,PHÁP LUÂN CÔNG VÀ NHỮNG ĐIỀU ÍT BIẾT VỀ NGÀY PHÁP LUÂN ĐẠI PHÁP THẾ GIỚI,https://media.dieukydieu.tv/videos/original/PH%C3%81P-LU%C3%82N-C%C3%94NG-V%C3%80-NH%E1%BB%AENG-%C4%90I%E1%BB%80U-%C3%8DT-BI%E1%BA%BET-V%E1%BB%80-NG%C3%80Y-PH%C3%81P-LU%C3%82N-%C4%90%E1%BA%A0I-PH%C3%81P-TH%E1%BA%BE-GI%E1%BB%9AI.mp4,PHÁP LUÂN CÔNG VÀ NHỮNG ĐIỀU ÍT BIẾT VỀ NGÀY PHÁP LUÂN ĐẠI PHÁP THẾ GIỚI,,1,PHÁP LUÂN CÔNG VÀ NHỮNG ĐIỀU ÍT BIẾT VỀ NGÀY PHÁP LUÂN ĐẠI PHÁP THẾ GIỚI,https://www.youtube.com/watch?v=hKF---R0gaw,Chân Tướng,319.0,
/index.html?p=3985.html,PHÁP LUÂN CÔNG VÀ NHỮNG ĐIỀU ÍT BIẾT VỀ NGÀY PHÁP LUÂN ĐẠI PHÁP THẾ GIỚI,PHÁP LUÂN CÔNG VÀ NHỮNG ĐIỀU ÍT BIẾT VỀ NGÀY PHÁP LUÂN ĐẠI PHÁP THẾ GIỚI,https://media.dieukydieu.tv/videos/original/PH%C3%81P-LU%C3%82N-C%C3%94NG-V%C3%80-NH%E1%BB%AENG-%C4%90I%E1%BB%80U-%C3%8DT-BI%E1%BA%BET-V%E1%BB%80-NG%C3%80Y-PH%C3%81P-LU%C3%82N-%C4%90%E1%BA%A0I-PH%C3%81P-TH%E1%BA%BE-GI%E1%BB%9AI.mp4,PHÁP LUÂN CÔNG VÀ NHỮNG ĐIỀU ÍT BIẾT VỀ NGÀY PHÁP LUÂN ĐẠI PHÁP THẾ GIỚI,,2,Tóm tắt nhanh về Pháp Luân Công trong 5 phút,https://www.youtube.com/watch?v=rCEitbeDUH0,KIẾN THỨC THÚ VỊ Official,332.0,
/index.html?p=3985.html,PHÁP LUÂN CÔNG VÀ NHỮNG ĐIỀU ÍT BIẾT VỀ NGÀY PHÁP LUÂN ĐẠI PHÁP THẾ GIỚI,PHÁP LUÂN CÔNG VÀ NHỮNG ĐIỀU ÍT BIẾT VỀ NGÀY PHÁP LUÂN ĐẠI PHÁP THẾ GIỚI,https://media.dieukydieu.tv/videos/original/PH%C3%81P-LU%C3%82N-C%C3%94NG-V%C3%80-NH%E1%BB%AENG-%C4%90I%E1%BB%80U-%C3%8DT-BI%E1%BA%BET-V%E1%BB%80-NG%C3%80Y-PH%C3%81P-LU%C3%82N-%C4%90%E1%BA%A0I-PH%C3%81P-TH%E1%BA%BE-GI%E1%BB%9AI.mp4,PHÁP LUÂN CÔNG VÀ NHỮNG ĐIỀU ÍT BIẾT VỀ NGÀY PHÁP LUÂN ĐẠI PHÁP THẾ GIỚI,,3,Thần Tích Triển Hiện Tại Nhân Gian - Pháp Luân Đại Pháp Hồng Truyền - Giới Thiệu Pháp Luân Công,https://www.youtube.com/watch?v=Q342ST4WIcg,Phượng Đại Phu,426.0,
/index.html?p=3994.html,Người phụ nữ cận kề cái chết đánh bại virus viêm phổi Vũ Hán,Người phụ nữ cận kề cái chết đánh bại virut viêm phổi Vũ Hán,https://media.dieukydieu.tv/videos/original/Ng%C6%B0%E1%BB%9Di-ph%E1%BB%A5-n%E1%BB%AF-c%E1%BA%ADn-k%E1%BB%81-c%C3%A1i-ch%E1%BA%BFt-%C4%91%C3%A1nh-b%E1%BA%A1i-virut-vi%C3%AAm-ph%E1%BB%95i-V%C5%A9-H%C3%A1n.mp4,Người phụ nữ cận kề cái chết đánh bại virut viêm phổi Vũ Hán Pháp Luân Công,,1,Đánh bại COVID-19: Người phụ nữ người Mỹ cận kề cái chết do virus Vũ Hán hồi phục chỉ sau 3 ngày!,https://www.youtube.com/watch?v=U52nfbTxrlc,CR Media Vietnam,302.0,
/index.html?p=3994.html,Người phụ nữ cận kề cái chết đánh bại virus viêm phổi Vũ Hán,Người phụ nữ cận kề cái chết đánh bại virut viêm phổi Vũ Hán,https://media.dieukydieu.tv/videos/original/Ng%C6%B0%E1%BB%9Di-ph%E1%BB%A5-n%E1%BB%AF-c%E1%BA%ADn-k%E1%BB%81-c%C3%A1i-ch%E1%BA%BFt-%C4%91%C3%A1nh-b%E1%BA%A1i-virut-vi%C3%AAm-ph%E1%BB%95i-V%C5%A9-H%C3%A1n.mp4,Người phụ nữ cận kề cái chết đánh bại virut viêm phổi Vũ Hán Pháp Luân Công,,2,"Cưới thay nhưng lời to, từ nghèo thành nữ chính sướng nhất 💕",https://www.youtube.com/watch?v=mlkj2Ok6ybQ,Lỡ Yêu,10100.0,
/index.html?p=3994.html,Người phụ nữ cận kề cái chết đánh bại virus viêm phổi Vũ Hán,Người phụ nữ cận kề cái chết đánh bại virut viêm phổi Vũ Hán,https://media.dieukydieu.tv/videos/original/Ng%C6%B0%E1%BB%9Di-ph%E1%BB%A5-n%E1%BB%AF-c%E1%BA%ADn-k%E1%BB%81-c%C3%A1i-ch%E1%BA%BFt-%C4%91%C3%A1nh-b%E1%BA%A1i-virut-vi%C3%AAm-ph%E1%BB%95i-V%C5%A9-H%C3%A1n.mp4,Người phụ nữ cận kề cái chết đánh bại virut viêm phổi Vũ Hán Pháp Luân Công,,3,"Đau hạ sườn phải, cảnh báo bệnh gì? | THS.BS.CK2 Trần Kinh Thành",https://www.youtube.com/watch?v=4KBWOZzXP0w,Video AloBacsi,1158.0,
/index.html?p=4049.html,Pháp Luân Công tại Đà Lạt,Pháp Luân Công tại Đà Lạt Mùa Xuân trên Cao Nguyên,https://media.dieukydieu.tv/videos/original/Ph%C3%A1p-Lu%C3%A2n-C%C3%B4ng-t%E1%BA%A1i-%C4%90%C3%A0-L%E1%BA%A1t-M%C3%B9a-Xu%C3%A2n-tr%C3%AAn-Cao-Nguy%C3%AAn.mp4,Pháp Luân Công tại Đà Lạt Mùa Xuân trên Cao Nguyên,,1,Pháp Luân Công tại Đà Lạt - Mùa Xuân trên Cao Nguyên,https://www.youtube.com/watch?v=Kquo0ImJW9Y,Chân Tướng,540.0,
/index.html?p=4049.html,Pháp Luân Công tại Đà Lạt,Pháp Luân Công tại Đà Lạt Mùa Xuân trên Cao Nguyên,https://media.dieukydieu.tv/videos/original/Ph%C3%A1p-Lu%C3%A2n-C%C3%B4ng-t%E1%BA%A1i-%C4%90%C3%A0-L%E1%BA%A1t-M%C3%B9a-Xu%C3%A2n-tr%C3%AAn-Cao-Nguy%C3%AAn.mp4,Pháp Luân Công tại Đà Lạt Mùa Xuân trên Cao Nguyên,,2,Pháp Luân Công tại Quảng Ngãi - Những đóa sen trên dòng sông Trà.,https://www.youtube.com/watch?v=g8UTdP_5PCY,Chân Tướng,595.0,
/index.html?p=4049.html,Pháp Luân Công tại Đà Lạt,Pháp Luân Công tại Đà Lạt Mùa Xuân trên Cao Nguyên,https://media.dieukydieu.tv/videos/original/Ph%C3%A1p-Lu%C3%A2n-C%C3%B4ng-t%E1%BA%A1i-%C4%90%C3%A0-L%E1%BA%A1t-M%C3%B9a-Xu%C3%A2n-tr%C3%AAn-Cao-Nguy%C3%AAn.mp4,Pháp Luân Công tại Đà Lạt Mùa Xuân trên Cao Nguyên,,3,Full | Cậu Vàng Ăn Vàng Hóa Thần Lực Đấm Nát Tai Kiếp | Hân Hân Vietsub,https://www.youtube.com/watch?v=sOleuG77yv0,Hân Hân Vietsub,9823.0,
/index.html?p=4058.html,Tạ ơn Sư Phụ,Tạ ơn Sư Phụ,https://media.dieukydieu.tv/videos/original/T%E1%BA%A1-%C6%A1n-S%C6%B0-Ph%E1%BB%A5.mp4,Tạ ơn Sư Phụ Pháp Luân Công,,1,Tạ Ân Sư (Lời Việt) - Tùng Lâm & Hợp Xướng Sứ Giả | Mừng ngày Pháp Luân Đại Pháp Thế Giới,https://www.youtube.com/watch?v=R0UzNi8Twf8,Âm Nhạc Sứ Giả,327.0,
/index.html?p=4058.html,Tạ ơn Sư Phụ,Tạ ơn Sư Phụ,https://media.dieukydieu.tv/videos/original/T%E1%BA%A1-%C6%A1n-S%C6%B0-Ph%E1%BB%A5.mp4,Tạ ơn Sư Phụ Pháp Luân Công,,2,MTV mỹ diệu: Tạ ân Sư (Lời Việt + Trung),https://www.youtube.com/watch?v=aDqnA1j5Uss,Bách Thông,668.0,
/index.html?p=4058.html,Tạ ơn Sư Phụ,Tạ ơn Sư Phụ,https://media.dieukydieu.tv/videos/original/T%E1%BA%A1-%C6%A1n-S%C6%B0-Ph%E1%BB%A5.mp4,Tạ ơn Sư Phụ Pháp Luân Công,,3,ƠN SƯ PHỤ KHẮC TẠC TIM CON  | Ngày Pháp Luân Đại Pháp #karaoke #nhachaymoingay,https://www.youtube.com/watch?v=eim95e7fiFk,Xứ Sở Tiên Nhạc Thần Ca,290.0,
/index.html?p=4066.html,MV: Tân niên nhớ Sư Tôn,MV Tân niên nhớ Sư Tôn 新年想念师尊,https://media.dieukydieu.tv/videos/original/MV-T%C3%A2n-ni%C3%AAn-nh%E1%BB%9B-S%C6%B0-T%C3%B4n-%E6%96%B0%E5%B9%B4%E6%83%B3%E5%BF%B5%E5%B8%88%E5%B0%8A.mp4,MV Tân niên nhớ Sư Tôn 新年想念师尊 Pháp Luân Công,,1,MV: Tân niên nhớ Sư Tôn - 新年想念师尊,https://www.youtube.com/watch?v=QElaAOZGRdU,Bách Thông,294.0,
/index.html?p=4066.html,MV: Tân niên nhớ Sư Tôn,MV Tân niên nhớ Sư Tôn 新年想念师尊,https://media.dieukydieu.tv/videos/original/MV-T%C3%A2n-ni%C3%AAn-nh%E1%BB%9B-S%C6%B0-T%C3%B4n-%E6%96%B0%E5%B9%B4%E6%83%B3%E5%BF%B5%E5%B8%88%E5%B0%8A.mp4,MV Tân niên nhớ Sư Tôn 新年想念师尊 Pháp Luân Công,,2,Ca khúc: Tân Niên Nhớ Sư Tôn - Xuân 2021,https://www.youtube.com/watch?v=mVzllc17uMg,Bách Thông,281.0,
/index.html?p=4066.html,MV: Tân niên nhớ Sư Tôn,MV Tân niên nhớ Sư Tôn 新年想念师尊,https://media.dieukydieu.tv/videos/original/MV-T%C3%A2n-ni%C3%AAn-nh%E1%BB%9B-S%C6%B0-T%C3%B4n-%E6%96%B0%E5%B9%B4%E6%83%B3%E5%BF%B5%E5%B8%88%E5%B0%8A.mp4,MV Tân niên nhớ Sư Tôn 新年想念师尊 Pháp Luân Công,,3,""" Kính Mừng Năm Mới Sư Tôn "" - Hát chèo",https://www.youtube.com/watch?v=seRmjzRcRZ4,Đoàn VHNT Truyền thống Trường Xuân,245.0,
/index.html?p=4072.html,MV: TRỞ VỀ CỐ HƯƠNG,MV TRỞ VỀ CỐ HƯƠNG Liên Tịnh,https://media.dieukydieu.tv/videos/original/MV-TR%E1%BB%9E-V%E1%BB%80-C%E1%BB%90-H%C6%AF%C6%A0NG-Li%C3%AAn-T%E1%BB%8Bnh.mp4,MV TRỞ VỀ CỐ HƯƠNG Liên Tịnh Pháp Luân Công,,1,MV sân khấu: TRỞ VỀ CỐ HƯƠNG || Liên Tịnh,https://www.youtube.com/watch?v=EPo6jRil4Gk,Bách Thông,257.0,
/index.html?p=4072.html,MV: TRỞ VỀ CỐ HƯƠNG,MV TRỞ VỀ CỐ HƯƠNG Liên Tịnh,https://media.dieukydieu.tv/videos/original/MV-TR%E1%BB%9E-V%E1%BB%80-C%E1%BB%90-H%C6%AF%C6%A0NG-Li%C3%AAn-T%E1%BB%8Bnh.mp4,MV TRỞ VỀ CỐ HƯƠNG Liên Tịnh Pháp Luân Công,,2,Bài hát: Trở về Cố Hương - miền đất tịnh thổ,https://www.youtube.com/watch?v=VBuOMc8Z7B8,Bách Thông,259.0,
/index.html?p=4072.html,MV: TRỞ VỀ CỐ HƯƠNG,MV TRỞ VỀ CỐ HƯƠNG Liên Tịnh,https://media.dieukydieu.tv/videos/original/MV-TR%E1%BB%9E-V%E1%BB%80-C%E1%BB%90-H%C6%AF%C6%A0NG-Li%C3%AAn-T%E1%BB%8Bnh.mp4,MV TRỞ VỀ CỐ HƯƠNG Liên Tịnh Pháp Luân Công,,3,MV: Trở về - Sáng tác và thể hiện: Liên Hoa,https://www.youtube.com/watch?v=1P35UhDLN1g,Bách Thông,265.0,
/index.html?p=4077.html,Pháp Luân Công tại Bến Tre – Kỉ niệm 30 năm Đại Pháp Hồng Truyền,Pháp Luân Công tại Bến Tre Kỉ niệm 30 năm Đại Pháp Hồng Truyền,https://media.dieukydieu.tv/videos/original/Ph%C3%A1p-Lu%C3%A2n-C%C3%B4ng-t%E1%BA%A1i-B%E1%BA%BFn-Tre-K%E1%BB%89-ni%E1%BB%87m-30-n%C4%83m-%C4%90%E1%BA%A1i-Ph%C3%A1p-H%E1%BB%93ng-Truy%E1%BB%81n.mp4,Pháp Luân Công tại Bến Tre Kỉ niệm 30 năm Đại Pháp Hồng Truyền,,1,Pháp Luân Công tại Bến Tre - Kỉ niệm 30 năm Đại Pháp Hồng Truyền,https://www.youtube.com/watch?v=g8dP-wsOQzM,Info Falun Dafa,580.0,
/index.html?p=4077.html,Pháp Luân Công tại Bến Tre – Kỉ niệm 30 năm Đại Pháp Hồng Truyền,Pháp Luân Công tại Bến Tre Kỉ niệm 30 năm Đại Pháp Hồng Truyền,https://media.dieukydieu.tv/videos/original/Ph%C3%A1p-Lu%C3%A2n-C%C3%B4ng-t%E1%BA%A1i-B%E1%BA%BFn-Tre-K%E1%BB%89-ni%E1%BB%87m-30-n%C4%83m-%C4%90%E1%BA%A1i-Ph%C3%A1p-H%E1%BB%93ng-Truy%E1%BB%81n.mp4,Pháp Luân Công tại Bến Tre Kỉ niệm 30 năm Đại Pháp Hồng Truyền,,2,Sự kiện: Kỷ niệm 30 năm Đại Pháp hồng truyền và sinh nhật Sư tôn (Đệ tử Đại Pháp Nam Định),https://www.youtube.com/watch?v=TsDOtICXVbI,Bách Thông,562.0,
/index.html?p=4077.html,Pháp Luân Công tại Bến Tre – Kỉ niệm 30 năm Đại Pháp Hồng Truyền,Pháp Luân Công tại Bến Tre Kỉ niệm 30 năm Đại Pháp Hồng Truyền,https://media.dieukydieu.tv/videos/original/Ph%C3%A1p-Lu%C3%A2n-C%C3%B4ng-t%E1%BA%A1i-B%E1%BA%BFn-Tre-K%E1%BB%89-ni%E1%BB%87m-30-n%C4%83m-%C4%90%E1%BA%A1i-Ph%C3%A1p-H%E1%BB%93ng-Truy%E1%BB%81n.mp4,Pháp Luân Công tại Bến Tre Kỉ niệm 30 năm Đại Pháp Hồng Truyền,,3,Pháp Luân Công tại Bến Tre - Kỉ niệm 30 năm Đại Pháp Hồng Truyền,https://www.youtube.com/watch?v=2phO7wqb3bg,Khát Vọng Cuộc Sống,580.0,
/index.html?p=4158.html,贝贝之愿,贝贝之愿,https://media.dieukydieu.tv/videos/original/y2meta.com-%E8%B4%9D%E8%B4%9D%E4%B9%8B%E6%84%BF.mp4,贝贝之愿 Pháp Luân Công,,1,🔥一口气看完！EP1-100：魂穿乱世痴傻少年，觉醒青山经种地修仙，娶逃难千金暴揍恶霸逆天改命！| MULTI SUB,https://www.youtube.com/watch?v=cO7mYgISC8U,卡通狂欢嘉会 Cartoon Gala,7557.0,
/index.html?p=4158.html,贝贝之愿,贝贝之愿,https://media.dieukydieu.tv/videos/original/y2meta.com-%E8%B4%9D%E8%B4%9D%E4%B9%8B%E6%84%BF.mp4,贝贝之愿 Pháp Luân Công,,2,"Japanese Soldiers Raid a Hospital, Unaware the Nurse Is a Deadly Elite Assassin.",https://www.youtube.com/watch?v=90t0xjblyBQ,孤狼影院,3713.0,
/index.html?p=4158.html,贝贝之愿,贝贝之愿,https://media.dieukydieu.tv/videos/original/y2meta.com-%E8%B4%9D%E8%B4%9D%E4%B9%8B%E6%84%BF.mp4,贝贝之愿 Pháp Luân Công,,3,[Vietsub/Pinyin] Tay Trái Chỉ Trăng 左手指月 - Tát Đỉnh Đỉnh 薩頂頂 | OST Hương Mật Tựa Khói Sương 香密沉沉濜如霜,https://www.youtube.com/watch?v=ATPulcGQ2SE,YOYOROCK Tiếng Việt,232.0,
/index.html?p=4198.html,Pháp Luân Công tại Đà Nẵng – Ý Nghĩa nhân sinh của đời người,Pháp Luân Công tại Đà Nẵng Ý Nghĩa nhân sinh của đời người.,https://media.dieukydieu.tv/videos/original/Ph%C3%A1p-Lu%C3%A2n-C%C3%B4ng-t%E1%BA%A1i-%C4%90%C3%A0-N%E1%BA%B5ng-%C3%9D-Ngh%C4%A9a-nh%C3%A2n-sinh-c%E1%BB%A7a-%C4%91%E1%BB%9Di-ng%C6%B0%E1%BB%9Di..mp4,Pháp Luân Công tại Đà Nẵng Ý Nghĩa nhân sinh của đời người.,,1,Pháp Luân Công tại Đà Nẵng - Ý nghĩa nhân sinh của đời người,https://www.youtube.com/watch?v=DMAdhTcayYI,Info Falun Dafa,529.0,
/index.html?p=4198.html,Pháp Luân Công tại Đà Nẵng – Ý Nghĩa nhân sinh của đời người,Pháp Luân Công tại Đà Nẵng Ý Nghĩa nhân sinh của đời người.,https://media.dieukydieu.tv/videos/original/Ph%C3%A1p-Lu%C3%A2n-C%C3%B4ng-t%E1%BA%A1i-%C4%90%C3%A0-N%E1%BA%B5ng-%C3%9D-Ngh%C4%A9a-nh%C3%A2n-sinh-c%E1%BB%A7a-%C4%91%E1%BB%9Di-ng%C6%B0%E1%BB%9Di..mp4,Pháp Luân Công tại Đà Nẵng Ý Nghĩa nhân sinh của đời người.,,2,Pháp Luân Công tại Quảng Ngãi - Những đoá Sen trên dòng sông Trà,https://www.youtube.com/watch?v=AxUxUzqXz3s,Bách Thông,595.0,
/index.html?p=4198.html,Pháp Luân Công tại Đà Nẵng – Ý Nghĩa nhân sinh của đời người,Pháp Luân Công tại Đà Nẵng Ý Nghĩa nhân sinh của đời người.,https://media.dieukydieu.tv/videos/original/Ph%C3%A1p-Lu%C3%A2n-C%C3%B4ng-t%E1%BA%A1i-%C4%90%C3%A0-N%E1%BA%B5ng-%C3%9D-Ngh%C4%A9a-nh%C3%A2n-sinh-c%E1%BB%A7a-%C4%91%E1%BB%9Di-ng%C6%B0%E1%BB%9Di..mp4,Pháp Luân Công tại Đà Nẵng Ý Nghĩa nhân sinh của đời người.,,3,Pháp Luân Công  - Chuyện người bảo vệ cho các cán bộ cấp cao năm ấy,https://www.youtube.com/watch?v=t16qeMWBRsQ,Hồng Truyền TV,474.0,
/index.html?p=4209.html,Pháp Luân Công tại Quảng Ngãi – Những đóa sen trên dòng sông Trà,Pháp Luân Công tại Quảng Ngãi Những đóa sen trên dòng sông Trà.,https://media.dieukydieu.tv/videos/original/Ph%C3%A1p-Lu%C3%A2n-C%C3%B4ng-t%E1%BA%A1i-Qu%E1%BA%A3ng-Ng%C3%A3i-Nh%E1%BB%AFng-%C4%91%C3%B3a-sen-tr%C3%AAn-d%C3%B2ng-s%C3%B4ng-Tr%C3%A0..mp4,Pháp Luân Công tại Quảng Ngãi Những đóa sen trên dòng sông Trà.,,1,Pháp Luân Công tại Quảng Ngãi - Những đóa sen trên dòng sông Trà.,https://www.youtube.com/watch?v=g8UTdP_5PCY,Chân Tướng,595.0,
/index.html?p=4209.html,Pháp Luân Công tại Quảng Ngãi – Những đóa sen trên dòng sông Trà,Pháp Luân Công tại Quảng Ngãi Những đóa sen trên dòng sông Trà.,https://media.dieukydieu.tv/videos/original/Ph%C3%A1p-Lu%C3%A2n-C%C3%B4ng-t%E1%BA%A1i-Qu%E1%BA%A3ng-Ng%C3%A3i-Nh%E1%BB%AFng-%C4%91%C3%B3a-sen-tr%C3%AAn-d%C3%B2ng-s%C3%B4ng-Tr%C3%A0..mp4,Pháp Luân Công tại Quảng Ngãi Những đóa sen trên dòng sông Trà.,,2,Ngâm thơ: THIÊN QUỐC NHẠC ĐOÀN CẢM ÂN SƯ TÔN! Kỷ niệm 31 năm Đại Pháp hồng truyền 13/05/2023,https://www.youtube.com/watch?v=vegUUOIvqxo,Bách Thông,352.0,
/index.html?p=4209.html,Pháp Luân Công tại Quảng Ngãi – Những đóa sen trên dòng sông Trà,Pháp Luân Công tại Quảng Ngãi Những đóa sen trên dòng sông Trà.,https://media.dieukydieu.tv/videos/original/Ph%C3%A1p-Lu%C3%A2n-C%C3%B4ng-t%E1%BA%A1i-Qu%E1%BA%A3ng-Ng%C3%A3i-Nh%E1%BB%AFng-%C4%91%C3%B3a-sen-tr%C3%AAn-d%C3%B2ng-s%C3%B4ng-Tr%C3%A0..mp4,Pháp Luân Công tại Quảng Ngãi Những đóa sen trên dòng sông Trà.,,3,Pháp Luân Công tại Quảng Ngãi - Những Đóa Sen trên Dòng Sông Trà #chanthiennhan #ttk #nhansinh #plc,https://www.youtube.com/watch?v=ReJlSW-0Xy0,Nguyễn Văn Xin - Xin Sàn Gỗ (Xinsango) - Xincha,595.0,
/index.html?p=4217.html,Pháp Luân Công tại Huế – Nét đẹp văn hóa truyền thống,Pháp Luân Công tại Huế Nét đẹp văn hóa truyền thống,https://media.dieukydieu.tv/videos/original/Ph%C3%A1p-Lu%C3%A2n-C%C3%B4ng-t%E1%BA%A1i-Hu%E1%BA%BF-N%C3%A9t-%C4%91%E1%BA%B9p-v%C4%83n-h%C3%B3a-truy%E1%BB%81n-th%E1%BB%91ng.mp4,Pháp Luân Công tại Huế Nét đẹp văn hóa truyền thống,,1,Pháp Luân Công tại Huế - Nét đẹp văn hóa truyền thống,https://www.youtube.com/watch?v=GypCYJ7Vk1k,Chân Tướng,675.0,
/index.html?p=4217.html,Pháp Luân Công tại Huế – Nét đẹp văn hóa truyền thống,Pháp Luân Công tại Huế Nét đẹp văn hóa truyền thống,https://media.dieukydieu.tv/videos/original/Ph%C3%A1p-Lu%C3%A2n-C%C3%B4ng-t%E1%BA%A1i-Hu%E1%BA%BF-N%C3%A9t-%C4%91%E1%BA%B9p-v%C4%83n-h%C3%B3a-truy%E1%BB%81n-th%E1%BB%91ng.mp4,Pháp Luân Công tại Huế Nét đẹp văn hóa truyền thống,,2,Pháp Luân Đại Pháp tại Huế - Một buổi sáng yên lành,https://www.youtube.com/watch?v=mt6ZtQoW5YY,Chân Tướng,272.0,
/index.html?p=4217.html,Pháp Luân Công tại Huế – Nét đẹp văn hóa truyền thống,Pháp Luân Công tại Huế Nét đẹp văn hóa truyền thống,https://media.dieukydieu.tv/videos/original/Ph%C3%A1p-Lu%C3%A2n-C%C3%B4ng-t%E1%BA%A1i-Hu%E1%BA%BF-N%C3%A9t-%C4%91%E1%BA%B9p-v%C4%83n-h%C3%B3a-truy%E1%BB%81n-th%E1%BB%91ng.mp4,Pháp Luân Công tại Huế Nét đẹp văn hóa truyền thống,,3,Kỹ Sư Cao Cấp Kể Về Trải Nghiệm Hồi Sinh Thần Kỳ | Minh Huệ Việt Ngữ,https://www.youtube.com/watch?v=N0WzusMak2w,Minh Huệ Việt Ngữ,231.0,
