page_path,page_title,original_video_title_or_filename,youtube_search_query,candidate_title,candidate_url,candidate_channel,candidate_duration,original_mp4_url
/5-bai-tap-phap-luan-cong/,Hướng dẫn tập 5 bài tập Pháp Luân Công chuẩn,huong dan tap phap luan cong,huong dan tap phap luan cong,Pháp Luân Công 5 Bài Tập Luyện Hàng Ngày Nâng Cao Sức Khỏe,https://www.youtube.com/watch?v=uDCEq4DrsPM,Duong Le,2754.0,https://dieukydieu.tv/wp-content/uploads/2020/02/huong-dan-tap-phap-luan-cong.mp4
/an-giang-mien-tay-que-toi/,An Giang! Miền tây quê tôi,an giang,an giang Pháp Luân Công,Tóm tắt nhanh về Pháp Luân Công trong 5 phút,https://www.youtube.com/watch?v=rCEitbeDUH0,KIẾN THỨC THÚ VỊ Official,332.0,https://dieukydieu.tv/wp-content/uploads/2020/video/an-giang.mp4
/bai-hat-tro-ve-co-huong-mien-dat-tinh-tho/,Bài hát: Trở về Cố Hương – miền đất tịnh thổ,tro ve co huong,tro ve co huong Pháp Luân Công,MV sân khấu: TRỞ VỀ CỐ HƯƠNG || Liên Tịnh,https://www.youtube.com/watch?v=EPo6jRil4Gk,Bách Thông,257.0,https://dieukydieu.tv/wp-content/uploads/2020/video/tro-ve-co-huong.mp4
/bay-nua-vong-trai-dat-chi-de-gap-su-phu/,Bay Nửa Vòng Trái Đất Chỉ Để Gặp Sư Phụ,bay nua vong trai dat,bay nua vong trai dat Pháp Luân Công,Pháp Luân Công: Bay Nửa Vòng Trái Đất Chỉ Để Gặp Sư Phụ,https://www.youtube.com/watch?v=R-JrAmx7Mdg,Khoa học và Tu luyện,403.0,https://dieukydieu.tv/wp-content/uploads/2020/03/bay-nua-vong-trai-dat.mp4
/ca-khuc-mong-tinh-loi-viet/,Ca khúc: Mộng Tỉnh – lời việt,mong tinh,mong tinh Pháp Luân Công,Tỉnh mộng | Soprano Min Jiang,https://www.youtube.com/watch?v=p5oeYgXQ2-c,Đắc Pháp TV,241.0,https://dieukydieu.tv/wp-content/uploads/2020/02/mong-tinh.mp4
/ca-khuc-thien-su-huy-hoang/,Ca khúc: Thiên sử huy hoàng,thien su huy hoang,thien su huy hoang Pháp Luân Công,MV sân khấu 4k: Thiên Sử Huy Hoàng - 30 năm Đại Pháp hồng truyền,https://www.youtube.com/watch?v=rLPAeVWvU1M,Bách Thông,318.0,https://dieukydieu.tv/wp-content/uploads/2020/video/thien-su-huy-hoang.mp4
/cac-nghi-sy-hoa-ky-ton-vinh-ngay-phap-luan-dai-phap-the-gioi-13-5-2020/,Các nghị sỹ Hoa Kỳ tôn vinh ngày Pháp Luân Đại Pháp thế giới 13/5/2020,nghi sy hoa ky,nghi sy hoa ky Pháp Luân Công,Các nghị sĩ Hoa Kỳ tập hợp ủng hộ Pháp Luân Công,https://www.youtube.com/watch?v=c6DT6lIr4vY,Uknow8691,189.0,https://dieukydieu.tv/wp-content/uploads/2020/06/nghi-sy-hoa-ky.mp4
/cac-thanh-pho-o-canada-cung-treo-co-mung-ngay-phap-luan-dai-phap-the-gioi/,Các thành phố ở Canada cùng treo cờ mừng ”Ngày Pháp Luân Đại Pháp Thế giới’,Các thành phố ở Canada cùng treo cờ mừng Ngày Pháp Luân Đại Pháp Thế giới,Các thành phố ở Canada cùng treo cờ mừng Ngày Pháp Luân Đại Pháp Thế giới,Các thành phố Canada treo cờ chúc mừng ngày Pháp Luân Đại Pháp,https://www.youtube.com/watch?v=GGmFAFklp_4,TÂN KỶ NGUYÊN,335.0,https://dieukydieu.tv/wp-content/uploads/2021/06/C%C3%A1c-th%C3%A0nh-ph%E1%BB%91-%E1%BB%9F-Canada-c%C3%B9ng-treo-c%E1%BB%9D-m%E1%BB%ABng-Ng%C3%A0y-Ph%C3%A1p-Lu%C3%A2n-%C4%90%E1%BA%A1i-Ph%C3%A1p-Th%E1%BA%BF-gi%E1%BB%9Bi.mp4
/cam-dong-hanh-trinh-nguoi-cha-tim-cach-chua-benh-cho-con-gai/,Cảm động: hành trình người cha tìm cách chữa bệnh cho con gái,cha chua benh cho con,cha chua benh cho con Pháp Luân Công,"Pháp Luân Công là môn tu luyện, không chỉ là chữa bệnh khỏe người - Nguyện Ước",https://www.youtube.com/watch?v=oltKgJhzD8Q,Nguyện Ước,649.0,https://dieukydieu.tv/wp-content/uploads/2020/video/cha-chua-benh-cho-con.mp4
/cau-chuyen-9-doi-giay-cua-ong-vuong/,Câu chuyện 9 đôi giày của ông Vương,Cau chuyen 9 doi giay cua ong Vuong Phap Luan Cong,Cau chuyen 9 doi giay cua ong Vuong Phap Luan Cong,Pháp Luân Công 5 Bài Tập Luyện Hàng Ngày Nâng Cao Sức Khỏe,https://www.youtube.com/watch?v=uDCEq4DrsPM,Duong Le,2754.0,https://dieukydieu.tv/wp-content/uploads/2020/video/Cau-chuyen-9-doi-giay-cua-ong-Vuong-Phap-Luan-Cong.mp4
/cau-chuyen-cam-dong-bat-ngo-cua-mot-tre-tu-ky-hoa-nhap-voi-ban-be/,Câu chuyện cảm động bất ngờ của một trẻ tự kỷ hoà nhập với bạn bè,Cau chuyen cam dong bat ngo cua mot tre tu ky hoa nhap voi ban be,Cau chuyen cam dong bat ngo cua mot tre tu ky hoa nhap voi ban be Pháp Luân Công,Phật Sống Tây Tạng Luân Hồi: Cậu Bé Bật Khóc Trước Pháp Tượng Của Chính Mình,https://www.youtube.com/watch?v=jxzR9IO8x2E,Ngẫm Radio,1581.0,https://dieukydieu.tv/wp-content/uploads/2020/video/Cau-chuyen-cam-dong-bat-ngo-cua-mot-tre-tu-ky-hoa-nhap-voi-ban-be.mp4
/cau-chuyen-than-thoai-cho-con-nguoi-tuong-lai-phan-1-thuyet-minh/,Câu chuyện thần thoại cho con người tương lai – Phần 1 [Thuyết Minh],Câu chuyện thần thoại cho con người tương lai Phần 1 Thuyết Minh,Câu chuyện thần thoại cho con người tương lai Phần 1 Thuyết Minh Pháp Luân Công,Pháp Luân Công: Câu chuyện thần thoại cho con người tương lai (Phần 1),https://www.youtube.com/watch?v=DrljpFNxzQA,Khoa học và Tu luyện,2688.0,https://dieukydieu.tv/wp-content/uploads/2021/06/C%C3%A2u-chuy%E1%BB%87n-th%E1%BA%A7n-tho%E1%BA%A1i-cho-con-ng%C6%B0%E1%BB%9Di-t%C6%B0%C6%A1ng-lai-Ph%E1%BA%A7n-1-Thuy%E1%BA%BFt-Minh.mp4
/cau-chuyen-than-thoai-cho-con-nguoi-tuong-lai-phan-2-thuyet-minh/,Câu chuyện thần thoại cho con người tương lai – Phần 2 [Thuyết Minh],Câu chuyện thần thoại cho con người tương lai Phần 2 Thuyết Minh,Câu chuyện thần thoại cho con người tương lai Phần 2 Thuyết Minh Pháp Luân Công,Pháp Luân Công: Câu chuyện thần thoại cho con người tương lai (Phần 2),https://www.youtube.com/watch?v=zaiY-vJ8sq0,Khoa học và Tu luyện,2900.0,https://dieukydieu.tv/wp-content/uploads/2021/06/C%C3%A2u-chuy%E1%BB%87n-th%E1%BA%A7n-tho%E1%BA%A1i-cho-con-ng%C6%B0%E1%BB%9Di-t%C6%B0%C6%A1ng-lai-Ph%E1%BA%A7n-2-Thuy%E1%BA%BFt-Minh.mp4
/chao-mung-ngay-phap-luan-dai-phap-the-gioi-13-5-2021/,Chào mừng ngày Pháp Luân Đại Pháp thế giới 13-5-2021,pldp2,Chào mừng ngày Pháp Luân Đại Pháp thế giới 13-5-2021,Nhóm nhỏ học viên Sài Gòn mừng ngày Pháp Luân Đại Pháp thế giới 13-5 -2021,https://www.youtube.com/watch?v=aaudwjLOLKM,Chân Tướng,628.0,https://dieukydieu.tv/wp-content/uploads/2021/05/pldp2.mp4
/chuong-trinh-ky-niem-ngay-phap-luan-dai-phap-tai-ha-noi-13-5-2018/,Chương trình kỷ niệm ngày Pháp Luân Đại Pháp tại Hà Nội 13/5/2018,ki niem 13 5,ki niem 13 5 Pháp Luân Công,Chương trình biểu diễn nghệ thuật kỷ niệm ngày Pháp Luân Đại Pháp thế giới 13 5,https://www.youtube.com/watch?v=zvChzSHX5QA,Hùng Phan Official (Chân-Thiện-Nhẫn-Hảo),437.0,https://dieukydieu.tv/wp-content/uploads/2020/video/ki-niem-13-5.mp4
/covid-19-chia-se-cua-bac-si-vien-phoi/,Covid-19: Chia sẻ của bác sĩ viện phổi,covid,Covid-19: Chia sẻ của bác sĩ viện phổi Pháp Luân Công,Điều trị COVID-19 và di chứng phổi sau COVID-19 - Phần thảo luận,https://www.youtube.com/watch?v=Oh8e5Zi2dAw,Hội Hô hấp Việt Nam Official,3076.0,https://dieukydieu.tv/wp-content/uploads/2020/04/covid.mp4
/da-nang-phap-luan-dai-phap-hong-truyen/,Đà Nẵng Pháp Luân Đại Pháp Hồng Truyền,da nang,da nang Pháp Luân Công,Pháp Luân Công tại Đà Nẵng - Ý nghĩa nhân sinh của đời người,https://www.youtube.com/watch?v=DMAdhTcayYI,Info Falun Dafa,529.0,https://dieukydieu.tv/wp-content/uploads/2020/video/da-nang.mp4
/dai-phap-hong-truyen-gioi-thieu-phap-luan-cong/,Đại Pháp Hồng Truyền – Giới thiệu Pháp Luân Công,dai phap hong truyen,dai phap hong truyen Pháp Luân Công,PHÁP LUÂN ĐẠI PHÁP NGHĨA GIẢI,https://www.youtube.com/watch?v=h-4xwW85ciw,HỒNG TRUYỀN ĐẠI PHÁP,16648.0,https://dieukydieu.tv/wp-content/uploads/2020/video/dai-phap-hong-truyen.mp4
/de-sinh-menh-duoc-cam-thu/,Để sinh mệnh được cảm thụ,de sinh menh dc cam thu,de sinh menh dc cam thu Pháp Luân Công,"Tự khúc: Để sinh mệnh được cảm thụ, mục đích làm người [Lời Việt]",https://www.youtube.com/watch?v=eKVrjXJ0Wdw,Bách Thông,229.0,https://dieukydieu.tv/wp-content/uploads/2020/05/de-sinh-menh-dc-cam-thu.mp4
/de-tu-dai-phap-viet-nam-chuc-tet-su-phu/,Đệ tử Đại Pháp Việt Nam chúc tết Sư Phụ,Đệ tử Đại Pháp Việt Nam chúc tết Sư Phụ,Đệ tử Đại Pháp Việt Nam chúc tết Sư Phụ Pháp Luân Công,Bài hát: Chúc tết Sư Phụ - tiểu đệ tử Đại Pháp Nam Định,https://www.youtube.com/watch?v=2mvqKkJkX0I,Bách Thông,173.0,https://dieukydieu.tv/wp-content/uploads/2025/04/%C4%90%E1%BB%87-t%E1%BB%AD-%C4%90%E1%BA%A1i-Ph%C3%A1p-Vi%E1%BB%87t-Nam-ch%C3%BAc-t%E1%BA%BFt-S%C6%B0-Ph%E1%BB%A5.mp4
/de-tu-viet-nam-mung-ngay-phap-luan-dai-phap-the-gioi-13-5-2020/,Học viên Việt Nam mừng ngày Pháp Luân Đại Pháp thế giới 13-5-2020,15 05 2,15 05 2 Pháp Luân Công,Pháp Luân Công 5 Bài Tập Luyện Hàng Ngày Nâng Cao Sức Khỏe,https://www.youtube.com/watch?v=uDCEq4DrsPM,Duong Le,2754.0,https://dieukydieu.tv/wp-content/uploads/2020/05/15-05-2.mp4
/dieu-gi-khien-mot-bac-si-tay-y-tin-vao-phap-luan-cong/,Điều gì khiến một bác sĩ Tây y tin vào Pháp Luân Công?,Dieu gi khien mot bac si Tay y tin vao Phap Luan Cong,Dieu gi khien mot bac si Tay y tin vao Phap Luan Cong,Điều gì khiến một bác sĩ Tây y tin vào Pháp Luân Công,https://www.youtube.com/watch?v=yTQGqJPlxpA,Pháp Luân Công – Góc nhìn đa chiều,431.0,https://dieukydieu.tv/wp-content/uploads/2020/video/Dieu-gi-khien-mot-bac-si-Tay-y-tin-vao-Phap-Luan-Cong.mp4
/dieu-ky-dieu-tai-thanh-pho-bien-vung-tau/,Điều kỳ diệu tại thành phố biển Vũng Tàu,vung tau,vung tau Pháp Luân Công,Pháp Luân Công: Chia sẻ của những học viên tại Vũng Tàu về tu luyện,https://www.youtube.com/watch?v=1-ioew-vc0E,Khoa học và Tu luyện,620.0,https://dieukydieu.tv/wp-content/uploads/2020/video/vung-tau.mp4
/dieu-uoc-cua-boi-boi/,Điều ước của Bối Bối,Điều ước của Bối Bối1,Điều ước của Bối Bối1 Pháp Luân Công,Kho Sách Nói Channel | Đá Cuội Hay Kim Cương - Những Bài Học Tự Khẳng Định Bản Thân | Dale Carnegie,https://www.youtube.com/watch?v=s4qlni6a8S4,Kho Sách Nói Channel,16808.0,https://dieukydieu.tv/wp-content/uploads/2022/07/y2meta.com-%C4%90i%E1%BB%81u-%C6%B0%E1%BB%9Bc-c%E1%BB%A7a-B%E1%BB%91i-B%E1%BB%91i1.mp4
/doan-dieu-hanh-gan-10-000-hoc-vien-phap-luan-cong-lam-xuc-dong-nguoi-dan-new-york-vao-ngay-16-5-2019/,Đoàn diễu hành gần 10 000 học viên Pháp Luân Công làm xúc động người dân New York vào ngày 16/5/2019,doan dieu hanh 1000 nguoi,doan dieu hanh 1000 nguoi Pháp Luân Công,Pháp Luân Công 5 Bài Tập Luyện Hàng Ngày Nâng Cao Sức Khỏe,https://www.youtube.com/watch?v=uDCEq4DrsPM,Duong Le,2754.0,https://dieukydieu.tv/wp-content/uploads/2020/video/doan-dieu-hanh-1000-nguoi.mp4
/giao-su-tien-sy-y-hoc-chia-se-cach-bao-ve-suc-khoe-truoc-dich-benh/,Giáo sư – Tiến sỹ Y học chia sẻ cách bảo vệ sức khoẻ trước dịch bệnh,vacsin,Giáo sư – Tiến sỹ Y học chia sẻ cách bảo vệ sức khoẻ trước dịch bệnh Pháp Luân Công,Giáo sư - Tiến sỹ Y học chia sẻ cách bảo vệ sức khoẻ trước dịch bệnh,https://www.youtube.com/watch?v=64jur0QY58I,Kỷ Nguyên Mới,458.0,https://dieukydieu.tv/wp-content/uploads/2020/03/vacsin.mp4
/gioi-thieu-phap-luan-cong/,Giới thiệu Pháp Luân Công,gioi thieu phap luan cong,gioi thieu phap luan cong,Pháp Luân Công: #1. Giới thiệu Pháp Luân Đại Pháp,https://www.youtube.com/watch?v=pMVrVD5Hq_s,Dafa Great,396.0,https://dieukydieu.tv/wp-content/uploads/2020/video/gioi-thieu-phap-luan-cong.mp4
/hanh-trinh-tim-kiem-thien-co-ky-thu/,Hành trình tìm kiếm Thiên Cổ Kỳ Thư,thien co ky thu,thien co ky thu Pháp Luân Công,"Pháp Luân Công: Hành trình tìm kiếm ""Thiên cổ kỳ thư""",https://www.youtube.com/watch?v=z21Mg8khzDI,Khoa học và Tu luyện,599.0,https://dieukydieu.tv/wp-content/uploads/2020/04/thien-co-ky-thu.mp4
/hien-tuong-moi-trong-dai-dich-gan-2-000-nguoi-hoc-phap-luan-cong-qua-internet/,Hiện tượng mới trong đại dịch Gần 2 000 người học Pháp Luân Công qua internet,Hiện tượng mới trong đại dịch Gần 2 000 người học Pháp Luân Công qua internet,Hiện tượng mới trong đại dịch Gần 2 000 người học Pháp Luân Công qua internet,Hiện tượng mới trong đại dịch Gần 2 000 người học Pháp Luân Công qua internet,https://www.youtube.com/watch?v=q4MI9SapTY0,Info Falun Dafa,261.0,https://dieukydieu.tv/wp-content/uploads/2021/06/Hi%E1%BB%87n-t%C6%B0%E1%BB%A3ng-m%E1%BB%9Bi-trong-%C4%91%E1%BA%A1i-d%E1%BB%8Bch-G%E1%BA%A7n-2-000-ng%C6%B0%E1%BB%9Di-h%E1%BB%8Dc-Ph%C3%A1p-Lu%C3%A2n-C%C3%B4ng-qua-internet.mp4
/hoc-vien-hai-phong-ky-niem-ngay-phap-luan-dai-phap-the-gioi-13-05-2018/,Học viên Hải Phòng kỷ niệm ngày Pháp Luân Đại Pháp thế giới 13/05/2018,hai phong,hai phong Pháp Luân Công,Pháp Luân Công Hải Phòng - Chia sẻ của các học viên trẻ HP,https://www.youtube.com/watch?v=YRPwloT4E3Q,Thuctinh vn,460.0,https://dieukydieu.tv/wp-content/uploads/2020/video/hai-phong.mp4
/index.html?p=1634.html,Sự Hồi Sinh Kỳ Diệu Của Người Mẹ Trẻ,nguoi me tre,nguoi me tre Pháp Luân Công,Pháp Luân Công: Sự hồi sinh kỳ diệu của người mẹ trẻ nhờ tu luyện,https://www.youtube.com/watch?v=qkOS4LOZfjk,Khoa học và Tu luyện,474.0,https://dieukydieu.tv/wp-content/uploads/2020/video/nguoi-me-tre.mp4
/index.html?p=1671.html,Pháp Luân Công tại Đồng Xoài – Bình Phước,binh phuoc,binh phuoc Pháp Luân Công,Tập Pháp Luân Công tại Bình Phước.,https://www.youtube.com/watch?v=s2YiYP4to6M,THỨC TỈNH,554.0,https://dieukydieu.tv/wp-content/uploads/2020/video/binh-phuoc.mp4
/index.html?p=1677.html,"Luyện Công Tập Thể tại thành phố Vinh, Nghệ An",nghe an,nghe an Pháp Luân Công,Pháp Luân Công tại Nghệ an (11/2018),https://www.youtube.com/watch?v=rzb9pMEXZgE,Khai Mở,711.0,https://dieukydieu.tv/wp-content/uploads/2020/video/nghe-an.mp4
/index.html?p=1686.html,"Sydney, Úc: Chào mừng ngày Pháp Luân Đại Pháp thế giới 13-05-2018",Sydney,"Sydney, Úc: Chào mừng ngày Pháp Luân Đại Pháp thế giới 13-05-2018","Sydney, Úc  Chào mừng ngày Pháp Luân Đại Pháp thế giới 13-05-2018",https://www.youtube.com/watch?v=ujaS4HVJqFw,Khoa học và Tu luyện,323.0,https://dieukydieu.tv/wp-content/uploads/2020/video/Sydney.mp4
/index.html?p=1690.html,Pháp Luân Công trên thế giới – Falun Dafa in the world,falun dafa in the word,falun dafa in the word Pháp Luân Công,"Sydney, Úc: Chào mừng ngày Pháp Luân Đại Pháp thế giới 13-05-2018",https://www.youtube.com/watch?v=2U0lNBZYoHU,Trở Về Nhà,323.0,https://dieukydieu.tv/wp-content/uploads/2020/video/falun-dafa-in-the-word.mp4
/index.html?p=1693.html,Thế giới nói gì về Pháp Luân Công,the gioi noi gi ve phap luan cong,the gioi noi gi ve phap luan cong,Thế giới nói gì về Pháp Luân Công,https://www.youtube.com/watch?v=rr5kuRuy1tk,Jerome Nguyen,955.0,https://dieukydieu.tv/wp-content/uploads/2020/video/the-gioi-noi-gi-ve-phap-luan-cong.mp4
/index.html?p=1700.html,Mẹ tôi tập Pháp Luân Công-những lợi ích tuyệt vời,me toi tap phap luan cong,me toi tap phap luan cong,Công dân tuân thủ pháp luật tu luyện sức khỏe thân-tâm theo Pháp Luân Đại Pháp(Pháp Luân Công) (P.3),https://www.youtube.com/watch?v=ShmNei4AxwI,Mai Chung,128.0,https://dieukydieu.tv/wp-content/uploads/2020/video/me-toi-tap-phap-luan-cong.mp4
/index.html?p=1709.html,Pháp Luân Công dưới góc nhìn của những người làm trong ngành an ninh và quốc phòng,anninh 1,anninh 1 Pháp Luân Công,"Pháp Luân Công: Câu chuyện thú vị về cán bộ an ninh tìm hiểu Pháp Luân Công   Bác  Vũ Thị Ngắn, 75t",https://www.youtube.com/watch?v=14fbr4SWxoU,Khoa học và Tu luyện,386.0,https://dieukydieu.tv/wp-content/uploads/2020/02/anninh-1.mp4
/index.html?p=1730.html,Một cuộc diệt chủng lạnh đang diễn ra tại Trung Quốc,diet chung,diet chung Pháp Luân Công,Tóm tắt nhanh về Pháp Luân Công trong 5 phút,https://www.youtube.com/watch?v=rCEitbeDUH0,KIẾN THỨC THÚ VỊ Official,332.0,https://dieukydieu.tv/wp-content/uploads/2020/video/diet-chung.mp4
/index.html?p=1748.html,Pháp Luân Đại Pháp – Lời giải cho cuộc sống,loi giai cuoc song,loi giai cuoc song Pháp Luân Công,Pháp Luân Đại Pháp - Lời giải cho cuộc sống (thuyết minh),https://www.youtube.com/watch?v=nRRW9gn7G2M,Phản Bổn Quy Chân,677.0,https://dieukydieu.tv/wp-content/uploads/2020/video/loi-giai-cuoc-song.mp4
/index.html?p=1751.html,Tập Pháp Luân Công có hợp pháp tại Việt Nam? (Phần 1),tap phap luan cong co hop phap,tap phap luan cong co hop phap,Tập Pháp Luân Công Có Hợp Pháp tại Việt Nam ? | Phần I,https://www.youtube.com/watch?v=iHnWDLwMOsA,Chân Tướng,712.0,https://dieukydieu.tv/wp-content/uploads/2020/video/tap-phap-luan-cong-co-hop-phap.mp4
/index.html?p=1754.html,Tập Pháp Luân Công Có Hợp Pháp tại Việt Nam ? | Phần II,tap phap luan cong co hop phap 2,tap phap luan cong co hop phap 2,Tập Pháp Luân Công Có Hợp Pháp tại Việt Nam ? | Phần II,https://www.youtube.com/watch?v=LsDr4bw4M60,Chân Tướng,877.0,https://dieukydieu.tv/wp-content/uploads/2020/video/tap-phap-luan-cong-co-hop-phap-2.mp4
/index.html?p=1765.html,Ca sĩ – NSND Trung Đức trải nghiệm về Pháp Luân Công,NSND trung duc,NSND trung duc Pháp Luân Công,"Ca sỹ, NSND Trung Đức Chia Sẻ Về Pháp Luân Công",https://www.youtube.com/watch?v=7D3zxlmUgug,Về Nhà,171.0,https://dieukydieu.tv/wp-content/uploads/2020/video/NSND-trung-duc.mp4
/index.html?p=1771.html,Nghệ sĩ múa Lê Vi : Tôi may mắn khi tìm thấy ánh sáng chân lý của cuộc đời,le vy,Nghệ sĩ múa Lê Vi : Tôi may mắn khi tìm thấy ánh sáng chân lý của cuộc đời Pháp Luân Công,Nghệ sĩ múa Lê Vi: Tôi may mắn khi tìm thấy ánh sáng chân lý của cuộc đời.,https://www.youtube.com/watch?v=iShjqy8jmgY,Hỗ Trợ và Chia Sẻ học Pháp Luân Công,355.0,https://dieukydieu.tv/wp-content/uploads/2020/video/le-vy.mp4
/index.html?p=1793.html,Phóng sự: Pháp Luân Công tại Cần Thơ,can tho,can tho Pháp Luân Công,Phóng sự: Pháp Luân Công tại Cần Thơ,https://www.youtube.com/watch?v=1tNN8lIYFUo,Info Falun Dafa,489.0,https://dieukydieu.tv/wp-content/uploads/2020/03/can-tho.mp4
/index.html?p=2104.html,Khúc Hát Nhớ Con,khc hat nho con,khc hat nho con Pháp Luân Công,Khúc hát nhớ con (Của người mẹ trong tù gửi con gái yêu),https://www.youtube.com/watch?v=QYDz5bWX6AE,Bách Thông,704.0,https://dieukydieu.tv/wp-content/uploads/2020/04/khc-hat-nho-con.mp4
/index.html?p=3706.html,Pháp Luân Công tại Kiên Giang,Clip PLC tại Kiên Giang 2,Clip PLC tại Kiên Giang 2 Pháp Luân Công,Pháp Luân Công - Bài giảng công pháp số 2,https://www.youtube.com/watch?v=GViwMYV_5sM,Ánh Sáng Pháp Luân,5683.0,https://dieukydieu.tv/wp-content/uploads/2020/04/Clip-PLC-ta%CC%A3i-Kie%CC%82n-Giang-2.mp4
/index.html?p=3735.html,Ngạo tuyết xuân mai,ngao tuyet xuan mai,ngao tuyet xuan mai Pháp Luân Công,Ngạo Tuyết Xuân Mai (Hòa Tấu) | 1 hour | 432 Hz | Thiên Âm Nhã Nhạc - Số 08,https://www.youtube.com/watch?v=fCjZBwqsu9g,Chánh Kiến Việt Ngữ,3512.0,https://dieukydieu.tv/wp-content/uploads/2020/05/ngao-tuyet-xuan-mai.mp4
/index.html?p=3744.html,Vè lời sấm,loi sam,loi sam Pháp Luân Công,Pháp Luân Công-bài giảng số 4  Sư Phụ Lý Hồng Chí,https://www.youtube.com/watch?v=b2q9Giiozz0, 真 善 忍 © Chân Thiện Nhẫn,5109.0,https://dieukydieu.tv/wp-content/uploads/2020/06/loi-sam.mp4
/index.html?p=3747.html,Vè kính thần,kính Thần 2,kính Thần 2 Pháp Luân Công,Pháp Luân Công-bài giảng số 2  Sư Phụ Lý Hồng Chí,https://www.youtube.com/watch?v=iMSW1f0LCLo, 真 善 忍 © Chân Thiện Nhẫn,5599.0,https://dieukydieu.tv/wp-content/uploads/2020/06/ki%CC%81nh-Tha%CC%82%CC%80n-2.mp4
/index.html?p=3760.html,Mau tỉnh lại,mau tinh lai,mau tinh lai Pháp Luân Công,Trung Quốc đàn áp Pháp Luân Công: Sự thật đang dần sáng tỏ - Nguyện Ước,https://www.youtube.com/watch?v=Un439IXK6Gs,Nguyện Ước,471.0,https://dieukydieu.tv/wp-content/uploads/2020/06/mau-tinh-lai.mp4
/index.html?p=3772.html,Thầy thuốc nhân dân Trần Đình Chiến lý giải nguyên nhân vì sao tập khí công có thể chữa khỏi bệnh,thay thuoc tran dinh chien,thay thuoc tran dinh chien Pháp Luân Công,PGS.TS. Thầy thuốc Nhân dân Trần Đình Chiến – Nguyên Trưởng khoa Chấn thương chỉnh,https://www.youtube.com/watch?v=wUCc6-PEV8Y,Chân Tướng ,373.0,https://dieukydieu.tv/wp-content/uploads/2020/06/thay-thuoc-tran-dinh-chien.mp4
/index.html?p=3779.html,Pháp Luân Công- Những bức ảnh lịch sử,Nhung hinh anh lich su,Nhung hinh anh lich su Pháp Luân Công,Pháp Luân Công - Những bức ảnh lịch sử,https://www.youtube.com/watch?v=kd4DYcl75hk,Dafa Great,548.0,https://dieukydieu.tv/wp-content/uploads/2020/06/Nhung-hinh-anh-lich-su.mp4
/index.html?p=3827.html,Pháp Luân Công- Tin thật và tin giả,Pháp luân công 5. Sự hồi sinh kỳ diệu của TS.BS . Lê Thị Thanh Thái,Pháp luân công 5. Sự hồi sinh kỳ diệu của TS.BS . Lê Thị Thanh Thái,Sự hồi sinh kỳ diệu của TS.BS. Lê Thị Thanh Thái nhờ tu luyện Pháp Luân Công. Nguồn NTDVN Tin Tức,https://www.youtube.com/watch?v=lsWE8n-ANzM,HoaVu,330.0,https://dieukydieu.tv/wp-content/uploads/2021/01/Pháp-luân-công_-5.-Sự-hồi-sinh-kỳ-diệu-của-TS.BS_.-Lê-Thị-Thanh-Thái.mp4
/index.html?p=3827.html,Pháp Luân Công- Tin thật và tin giả,THIẾU TƯỚNG NGUYÊN TỔNG BIÊN TẬP BÁO QUÂN ĐỘI NÓI GÌ VỀ PHÁP LUÂN CÔNG— Đại Kỷ Nguyên,THIẾU TƯỚNG NGUYÊN TỔNG BIÊN TẬP BÁO QUÂN ĐỘI NÓI GÌ VỀ PHÁP LUÂN CÔNG— Đại Kỷ Nguyên,thiếu tướng nguyên tổng biên tập báo QDNN chia sẻ về Pháp Luân Công,https://www.youtube.com/watch?v=ADci5M9BmMY,Thuỷ là Nước ,10759.0,https://dieukydieu.tv/wp-content/uploads/2021/01/THIẾU-TƯỚNG-NGUYÊN-TỔNG-BIÊN-TẬP-BÁO-QUÂN-ĐỘI-NÓI-GÌ-VỀ-PHÁP-LUÂN-CÔNG—-Đại-Kỷ-Nguyên.mp4
/index.html?p=3827.html,Pháp Luân Công- Tin thật và tin giả,Nghệ sĩ múa Lê Vi Tôi may mắn khi tìm thấy ánh sáng chân lý của cuộc đời,Nghệ sĩ múa Lê Vi Tôi may mắn khi tìm thấy ánh sáng chân lý của cuộc đời Pháp Luân Công,Nghệ sĩ múa Lê Vi: Tôi may mắn khi tìm thấy ánh sáng chân lý của cuộc đời.,https://www.youtube.com/watch?v=iShjqy8jmgY,Hỗ Trợ và Chia Sẻ học Pháp Luân Công,355.0,https://dieukydieu.tv/wp-content/uploads/2021/01/Nghệ-sĩ-múa-Lê-Vi-_-Tôi-may-mắn-khi-tìm-thấy-ánh-sáng-chân-lý-của-cuộc-đời.mp4
/index.html?p=3827.html,Pháp Luân Công- Tin thật và tin giả,Thầy thuốc nhân dân Trần Đình Chiến lý giải nguyên nhân vì sao tập khí công có thể chữa khỏi bệnh.,Thầy thuốc nhân dân Trần Đình Chiến lý giải nguyên nhân vì sao tập khí công có thể chữa khỏi bệnh. Pháp Luân Công,Thầy thuốc nhân dân Trần Đình Chiến lý giải nguyên nhân vì sao tập khí công có thể chữa khỏi bệnh,https://www.youtube.com/watch?v=Vrzq8RIcarY,Kỷ Nguyên Mới,374.0,https://dieukydieu.tv/wp-content/uploads/2021/01/Thầy-thuốc-nhân-dân-Trần-Đình-Chiến-lý-giải-nguyên-nhân-vì-sao-tập-khí-công-có-thể-chữa-khỏi-bệnh..mp4
/index.html?p=3827.html,Pháp Luân Công- Tin thật và tin giả,Pháp Luân Công HÀNH TRÌNH NGƯỜI CHA CHỮA BỆNH SUY GIẢM TIỂU CẦU VÔ CĂN CHO CON GÁI,Pháp Luân Công HÀNH TRÌNH NGƯỜI CHA CHỮA BỆNH SUY GIẢM TIỂU CẦU VÔ CĂN CHO CON GÁI,Pháp Luân Công: HÀNH TRÌNH NGƯỜI CHA CHỮA BỆNH SUY GIẢM TIỂU CẦU VÔ CĂN CHO CON GÁI,https://www.youtube.com/watch?v=6MIlUIKHgTw,Dafa Great,549.0,https://dieukydieu.tv/wp-content/uploads/2021/01/Pháp-Luân-Công_-HÀNH-TRÌNH-NGƯỜI-CHA-CHỮA-BỆNH-SUY-GIẢM-TIỂU-CẦU-VÔ-CĂN-CHO-CON-GÁI.mp4
/index.html?p=3985.html,PHÁP LUÂN CÔNG VÀ NHỮNG ĐIỀU ÍT BIẾT VỀ NGÀY PHÁP LUÂN ĐẠI PHÁP THẾ GIỚI,PHÁP LUÂN CÔNG VÀ NHỮNG ĐIỀU ÍT BIẾT VỀ NGÀY PHÁP LUÂN ĐẠI PHÁP THẾ GIỚI,PHÁP LUÂN CÔNG VÀ NHỮNG ĐIỀU ÍT BIẾT VỀ NGÀY PHÁP LUÂN ĐẠI PHÁP THẾ GIỚI,PHÁP LUÂN CÔNG VÀ NHỮNG ĐIỀU ÍT BIẾT VỀ NGÀY PHÁP LUÂN ĐẠI PHÁP THẾ GIỚI,https://www.youtube.com/watch?v=hKF---R0gaw,Chân Tướng,319.0,https://dieukydieu.tv/wp-content/uploads/2021/05/PH%C3%81P-LU%C3%82N-C%C3%94NG-V%C3%80-NH%E1%BB%AENG-%C4%90I%E1%BB%80U-%C3%8DT-BI%E1%BA%BET-V%E1%BB%80-NG%C3%80Y-PH%C3%81P-LU%C3%82N-%C4%90%E1%BA%A0I-PH%C3%81P-TH%E1%BA%BE-GI%E1%BB%9AI.mp4
/index.html?p=3994.html,Người phụ nữ cận kề cái chết đánh bại virus viêm phổi Vũ Hán,Người phụ nữ cận kề cái chết đánh bại virut viêm phổi Vũ Hán,Người phụ nữ cận kề cái chết đánh bại virut viêm phổi Vũ Hán Pháp Luân Công,Đánh bại COVID-19: Người phụ nữ người Mỹ cận kề cái chết do virus Vũ Hán hồi phục chỉ sau 3 ngày!,https://www.youtube.com/watch?v=U52nfbTxrlc,CR Media Vietnam,302.0,https://dieukydieu.tv/wp-content/uploads/2021/05/Ng%C6%B0%E1%BB%9Di-ph%E1%BB%A5-n%E1%BB%AF-c%E1%BA%ADn-k%E1%BB%81-c%C3%A1i-ch%E1%BA%BFt-%C4%91%C3%A1nh-b%E1%BA%A1i-virut-vi%C3%AAm-ph%E1%BB%95i-V%C5%A9-H%C3%A1n.mp4
/index.html?p=4049.html,Pháp Luân Công tại Đà Lạt,Pháp Luân Công tại Đà Lạt Mùa Xuân trên Cao Nguyên,Pháp Luân Công tại Đà Lạt Mùa Xuân trên Cao Nguyên,Pháp Luân Công tại Đà Lạt - Mùa Xuân trên Cao Nguyên,https://www.youtube.com/watch?v=Kquo0ImJW9Y,Chân Tướng,540.0,https://dieukydieu.tv/wp-content/uploads/2022/02/Ph%C3%A1p-Lu%C3%A2n-C%C3%B4ng-t%E1%BA%A1i-%C4%90%C3%A0-L%E1%BA%A1t-M%C3%B9a-Xu%C3%A2n-tr%C3%AAn-Cao-Nguy%C3%AAn.mp4
/index.html?p=4058.html,Tạ ơn Sư Phụ,Tạ ơn Sư Phụ,Tạ ơn Sư Phụ Pháp Luân Công,Tạ Ân Sư (Lời Việt) - Tùng Lâm & Hợp Xướng Sứ Giả | Mừng ngày Pháp Luân Đại Pháp Thế Giới,https://www.youtube.com/watch?v=R0UzNi8Twf8,Âm Nhạc Sứ Giả,327.0,https://dieukydieu.tv/wp-content/uploads/2022/04/T%E1%BA%A1-%C6%A1n-S%C6%B0-Ph%E1%BB%A5.mp4
/index.html?p=4066.html,MV: Tân niên nhớ Sư Tôn,MV Tân niên nhớ Sư Tôn 新年想念师尊,MV Tân niên nhớ Sư Tôn 新年想念师尊 Pháp Luân Công,MV: Tân niên nhớ Sư Tôn - 新年想念师尊,https://www.youtube.com/watch?v=QElaAOZGRdU,Bách Thông,294.0,https://dieukydieu.tv/wp-content/uploads/2022/04/MV-T%C3%A2n-ni%C3%AAn-nh%E1%BB%9B-S%C6%B0-T%C3%B4n-%E6%96%B0%E5%B9%B4%E6%83%B3%E5%BF%B5%E5%B8%88%E5%B0%8A.mp4
/index.html?p=4072.html,MV: TRỞ VỀ CỐ HƯƠNG,MV TRỞ VỀ CỐ HƯƠNG Liên Tịnh,MV TRỞ VỀ CỐ HƯƠNG Liên Tịnh Pháp Luân Công,MV sân khấu: TRỞ VỀ CỐ HƯƠNG || Liên Tịnh,https://www.youtube.com/watch?v=EPo6jRil4Gk,Bách Thông,257.0,https://dieukydieu.tv/wp-content/uploads/2022/04/MV-TR%E1%BB%9E-V%E1%BB%80-C%E1%BB%90-H%C6%AF%C6%A0NG-Li%C3%AAn-T%E1%BB%8Bnh.mp4
/index.html?p=4077.html,Pháp Luân Công tại Bến Tre – Kỉ niệm 30 năm Đại Pháp Hồng Truyền,Pháp Luân Công tại Bến Tre Kỉ niệm 30 năm Đại Pháp Hồng Truyền,Pháp Luân Công tại Bến Tre Kỉ niệm 30 năm Đại Pháp Hồng Truyền,Pháp Luân Công tại Bến Tre - Kỉ niệm 30 năm Đại Pháp Hồng Truyền,https://www.youtube.com/watch?v=g8dP-wsOQzM,Info Falun Dafa,580.0,https://dieukydieu.tv/wp-content/uploads/2022/05/Ph%C3%A1p-Lu%C3%A2n-C%C3%B4ng-t%E1%BA%A1i-B%E1%BA%BFn-Tre-K%E1%BB%89-ni%E1%BB%87m-30-n%C4%83m-%C4%90%E1%BA%A1i-Ph%C3%A1p-H%E1%BB%93ng-Truy%E1%BB%81n.mp4
/index.html?p=4158.html,贝贝之愿,贝贝之愿,贝贝之愿 Pháp Luân Công,🔥一口气看完！EP1-100：魂穿乱世痴傻少年，觉醒青山经种地修仙，娶逃难千金暴揍恶霸逆天改命！| MULTI SUB,https://www.youtube.com/watch?v=cO7mYgISC8U,卡通狂欢嘉会 Cartoon Gala,7557.0,https://dieukydieu.tv/wp-content/uploads/2022/07/y2meta.com-%E8%B4%9D%E8%B4%9D%E4%B9%8B%E6%84%BF.mp4
/index.html?p=4198.html,Pháp Luân Công tại Đà Nẵng – Ý Nghĩa nhân sinh của đời người,Pháp Luân Công tại Đà Nẵng Ý Nghĩa nhân sinh của đời người.,Pháp Luân Công tại Đà Nẵng Ý Nghĩa nhân sinh của đời người.,Pháp Luân Công tại Đà Nẵng - Ý nghĩa nhân sinh của đời người,https://www.youtube.com/watch?v=DMAdhTcayYI,Info Falun Dafa,529.0,https://dieukydieu.tv/wp-content/uploads/2023/05/Ph%C3%A1p-Lu%C3%A2n-C%C3%B4ng-t%E1%BA%A1i-%C4%90%C3%A0-N%E1%BA%B5ng-%C3%9D-Ngh%C4%A9a-nh%C3%A2n-sinh-c%E1%BB%A7a-%C4%91%E1%BB%9Di-ng%C6%B0%E1%BB%9Di..mp4
/index.html?p=4209.html,Pháp Luân Công tại Quảng Ngãi – Những đóa sen trên dòng sông Trà,Pháp Luân Công tại Quảng Ngãi Những đóa sen trên dòng sông Trà.,Pháp Luân Công tại Quảng Ngãi Những đóa sen trên dòng sông Trà.,Pháp Luân Công tại Quảng Ngãi - Những đóa sen trên dòng sông Trà.,https://www.youtube.com/watch?v=g8UTdP_5PCY,Chân Tướng,595.0,https://dieukydieu.tv/wp-content/uploads/2023/07/Ph%C3%A1p-Lu%C3%A2n-C%C3%B4ng-t%E1%BA%A1i-Qu%E1%BA%A3ng-Ng%C3%A3i-Nh%E1%BB%AFng-%C4%91%C3%B3a-sen-tr%C3%AAn-d%C3%B2ng-s%C3%B4ng-Tr%C3%A0..mp4
/index.html?p=4217.html,Pháp Luân Công tại Huế – Nét đẹp văn hóa truyền thống,Pháp Luân Công tại Huế Nét đẹp văn hóa truyền thống,Pháp Luân Công tại Huế Nét đẹp văn hóa truyền thống,Pháp Luân Công tại Huế - Nét đẹp văn hóa truyền thống,https://www.youtube.com/watch?v=GypCYJ7Vk1k,Chân Tướng,675.0,https://dieukydieu.tv/wp-content/uploads/2024/05/Ph%C3%A1p-Lu%C3%A2n-C%C3%B4ng-t%E1%BA%A1i-Hu%E1%BA%BF-N%C3%A9t-%C4%91%E1%BA%B9p-v%C4%83n-h%C3%B3a-truy%E1%BB%81n-th%E1%BB%91ng.mp4
